feature,family,n_iconect,ic_mean,ic_median,ic_iqr,ic_std,n_90plus,np_mean,np_median,np_iqr,np_std,cohens_d,abs_d,ks_stat,ks_pval,shift_category
egemaps_loudness_sma3_stddevNorm_mean,acoustic,86,0.935417241887078,0.922237306081823,0.11161930335056003,0.10762177668217629,1120,0.42019962574818553,0.4246168107307762,0.08978046908743287,0.06758632229073198,7.240715036913602,7.240715036913602,1.0,1.0912559609483045e-133,large
mfcc_1_std_mean,acoustic,86,124.07233192185176,127.51652692153556,15.501862971019222,15.424840384678417,1120,46.09395573713176,46.258578254965975,15.66376043846234,10.46739876169453,7.15945479755665,7.15945479755665,1.0,1.0912559609483045e-133,large
egemaps_spectralFlux_sma3_stddevNorm_mean,acoustic,86,1.1917709125988196,1.1590415569924089,0.1540270950731728,0.16540676316467884,1120,0.605416964130386,0.6085865825629535,0.11730830371995682,0.08933575966678713,6.06426454223274,6.06426454223274,0.9991071428571429,9.493926860250261e-132,large
mfcc_2_std_mean,acoustic,86,56.005227997957746,57.36166983105139,8.153583097410298,6.41577962525468,1120,26.572585698148114,26.38399066380491,6.413903552321187,4.979489005288934,5.777687170456764,5.777687170456764,0.9839078073089701,7.245694587789145e-114,large
mfcc_1_std_whole,acoustic,86,118.38808389273831,118.32698319122956,14.939518065505453,12.382157779211811,1120,55.888446277043954,56.06889324188232,16.92453757921855,11.446481246572215,5.427656095252883,5.427656095252883,0.9973214285714286,1.2392739194913353e-128,large
egemaps_loudness_sma3_stddevNorm_whole,acoustic,86,1.0081301438476742,0.9896064685412977,0.1306574273856318,0.11766488503778542,1120,0.5655769339356113,0.5661185930172603,0.0998696270088354,0.08242265199959214,5.182776560966732,5.182776560966732,0.9839078073089701,7.245694587789145e-114,large
mfcc_2_std_whole,acoustic,86,58.06429967642117,58.420617710304946,6.837840119203463,5.666844337088089,1120,30.96540963999357,30.653924465179443,7.351688989003495,5.6705053912063335,4.779137488985859,4.779137488985859,0.9740863787375414,1.490139050880079e-106,large
egemaps_loudness_sma3_stddevNorm_std,acoustic,86,0.24365074848996082,0.23609433042452305,0.05896647308213879,0.05057002507201914,1120,0.11513538881157663,0.11374806649722294,0.02997968996865452,0.025547240730391406,4.580707872208828,4.580707872208828,0.918687707641196,1.2383890027564086e-81,large
mfcc_3_std_mean,acoustic,86,37.44809817813309,37.20255054628932,5.907302083884133,4.037970650898034,1120,19.843700713834867,19.741639678961846,5.686892166727592,4.185289849235482,4.216561601038082,4.216561601038082,0.9910714285714285,1.230928698488438e-120,large
mfcc_7_std_mean,acoustic,86,17.021733178115372,17.425337445732453,2.466937158085294,2.3869663593944166,1120,10.370130301918078,10.368876452925097,1.912447658009965,1.5108898542846823,4.186904195747646,4.186904195747646,0.8909883720930233,1.4909222405274288e-73,large
egemaps_spectralFlux_sma3_stddevNorm_std,acoustic,86,0.3508486313298478,0.3410586825343449,0.10782077906396298,0.0809791505379782,1120,0.16133521749338992,0.15861205027138556,0.050527744360037236,0.04222751969290971,4.115744362005036,4.115744362005036,0.9258305647840531,5.035097482116844e-84,large
mfcc_5_std_mean,acoustic,86,21.783559743155983,22.252726667821253,3.4446056790616773,2.861990092097581,1120,12.735826491423605,12.630646704450669,2.877591083829138,2.1981933519030337,4.018561218942037,4.018561218942037,0.9016611295681063,1.7232254652789086e-76,large
mfcc_8_std_mean,acoustic,86,15.25655027029148,15.393133782193072,1.9888401382084648,1.5404888991156396,1120,9.531977871111982,9.47514349928612,1.8088895164659107,1.427933872843399,3.9860006572515534,3.9860006572515534,0.9526578073089701,1.0141252379533498e-94,large
mfcc_d2_std_mean,acoustic,86,6.4999756465142875,6.744490755180577,1.533348307329696,1.0570027733073024,1120,3.8016181719227964,3.7825966796064687,0.813063826736629,0.6531557084308196,3.91366306112019,3.91366306112019,0.8766611295681063,6.236921159531636e-70,large
egemaps_F0semitoneFrom27.5Hz_sma3nz_stddevRisingSlope_mean,acoustic,86,206.66944108649338,206.0772622230815,75.55048568634189,56.06127087144025,1120,75.86481760485388,73.21480103889623,37.29261733998826,32.215870304972974,3.7974709766591133,3.7974709766591133,0.8613995016611296,2.1939810067546622e-66,large
ix_conversation_dur_sec,temporal,156,937.9861882113424,732.0450000000001,1044.8813500058914,519.4678849412072,1120,192.20489976016006,174.30849999999998,89.43416666666667,89.56111166519739,3.7347012787246503,3.7347012787246503,0.8765567765567766,4.379046135233469e-117,large
mfcc_12_std_mean,acoustic,86,10.466549464184205,10.668334967469615,1.6868521596825943,1.3239783359544337,1120,7.060121804978655,7.03124259488664,1.092458905436497,0.8734863514733433,3.7326008298144093,3.7326008298144093,0.8596137873754153,5.50518113054137e-66,large
mfcc_11_std_mean,acoustic,86,11.143864225499858,11.275716903137361,1.0744626947981573,0.9350331819275352,1120,7.462955162224898,7.43801436816679,1.2725997953046768,1.0018194407949021,3.6910549964341395,3.6910549964341395,0.9133513289036544,6.191364336246058e-80,large
mfcc_d1_std_mean,acoustic,86,11.742229251662922,11.986381571198244,2.325717610016852,1.7676477007250688,1120,6.352924212905111,6.352953251806125,2.051375207107199,1.4358922928013325,3.6867953768207147,3.6867953768207147,0.8999169435215947,5.504992667799055e-76,large
mfcc_6_std_mean,acoustic,86,19.912132715078453,19.966215247055764,2.2344247220403695,1.9651405147893377,1120,12.545382465941488,12.562381086349486,2.528549077031471,2.02132935389024,3.6515810343249444,3.6515810343249444,0.9454734219269103,1.537677902115775e-91,large
mfcc_d3_std_mean,acoustic,86,4.777911502936742,4.707166720308147,0.8528224831259079,0.6032978713495913,1120,2.814537059170244,2.8013216747641114,0.7377070277580469,0.5393814084114287,3.6082146296923017,3.6082146296923017,0.9508513289036544,6.742855101819243e-94,large
mfcc_9_std_mean,acoustic,86,13.336063865952566,13.701614330370553,2.184192918285916,1.6578621879058852,1120,8.947047085597276,8.892361553803532,1.5855294882227575,1.197836131676044,3.551147528178225,3.551147528178225,0.8704734219269104,1.9461665570055614e-68,large
mfcc_1_mean_std,acoustic,86,66.81172479658719,67.05082389116146,13.702056428659162,11.840130136149053,1120,33.81123211928451,33.31757199787059,11.558028772916543,9.111768570284442,3.5368044827715845,3.5368044827715845,0.8677117940199335,8.216631694895779e-68,large
mfcc_1_std_std,acoustic,86,23.485873058681502,24.247674369909863,5.370515201979327,4.940858102231911,1120,12.757666845927208,12.821060883692065,3.4902926203071,2.845034515956903,3.528131599274234,3.528131599274234,0.8175872093023255,1.882262994984512e-57,large
mfcc_4_std_mean,acoustic,86,28.06069843388263,28.15624959382685,5.105894871267743,3.363307020411284,1120,17.430353382315364,17.48963119140523,3.8408162240032606,2.997283979879398,3.514653960063819,3.514653960063819,0.9151370431893687,1.7132102828214596e-80,large
ix_n_interviewer_turns,temporal,156,95.22954376877288,89.07666666666665,45.53604679802956,35.986187132485725,1120,29.138491923664972,26.464285714285715,14.517857142857142,15.174265923981821,3.4842731512232303,3.4842731512232303,0.8870192307692307,3.310212236040422e-121,large
egemaps_spectralFluxV_sma3nz_stddevNorm_mean,acoustic,86,0.7062399793138847,0.7098910855862445,0.0818105441862288,0.0662067577512283,1120,0.4431448772598659,0.4459390552710663,0.09617543398252465,0.07687517627522204,3.4540041810095032,3.4540041810095032,0.9445805647840532,3.672282579449442e-91,large
egemaps_mfcc1_sma3_stddevNorm_whole,acoustic,86,0.7943107463964714,0.8224747852197563,0.2345137215589994,0.19346826266395084,1120,0.38974685327197445,0.38056859125693643,0.1522278755903244,0.11044862304935749,3.421614077231517,3.421614077231517,0.785361295681063,8.693231644650268e-52,large
mfcc_d5_std_mean,acoustic,86,2.755442910426741,2.838481114585576,0.539410466256113,0.3929852845892908,1120,1.8107348199181927,1.7970500947483825,0.3348378349534298,0.26947732829010557,3.3740797518071886,3.3740797518071886,0.8238995016611296,1.2440638618909314e-58,large
mfcc_13_std_mean,acoustic,86,9.646578681089029,9.992253388219833,1.5634048883571285,1.3510966998819625,1120,6.647975927439883,6.648332513822589,1.0533350579873355,0.8447522788000005,3.3692139796493157,3.3692139796493157,0.7790905315614618,9.347076505108544e-51,large
egemaps_F0semitoneFrom27.5Hz_sma3nz_stddevRisingSlope_std,acoustic,86,260.32441296591753,271.5217345348109,70.1727387974652,66.40088174226106,1120,108.85732826510407,106.43815469424867,51.2647180961267,43.47447035246391,3.330862638011008,3.330862638011008,0.837250830564784,2.9319364716875146e-61,large
egemaps_VoicedSegmentsPerSec_whole,acoustic,86,1.2513440884732412,1.0683293072080997,0.5668586501327613,0.4821416144043976,1120,2.599145062123617,2.5726617234093805,0.4459967147026749,0.3985432072921179,-3.3278084365081617,3.3278084365081617,0.8453696013289036,6.597788496845608e-63,large
mfcc_d1_std_whole,acoustic,86,10.750054980096305,10.753691225785476,1.843984338579519,1.456648149009051,1120,6.2362203211405784,6.214432920728411,1.9390554467837013,1.3584031707707267,3.3054559166812787,3.3054559166812787,0.8927117940199335,4.991619617397307e-74,large
mfcc_d12_std_mean,acoustic,86,1.5019897122075874,1.5134052092086925,0.21979566710177667,0.17685227060642655,1120,1.1131323965965656,1.1098391705748551,0.14967134457282016,0.11373526579123075,3.259713524678152,3.259713524678152,0.824750830564784,8.39412189511711e-59,large
mfcc_d4_std_mean,acoustic,86,3.362248428201539,3.374186557526183,0.7512818988705625,0.43477747853942167,1120,2.263935708765586,2.2657431728292377,0.41208662777773064,0.32960241001974955,3.2484596166965387,3.2484596166965387,0.8507059800664452,4.880035453799195e-64,large
mfcc_d7_std_mean,acoustic,86,2.2083692645559316,2.266622238062056,0.34122816545916734,0.2844446947836171,1120,1.5538141025830832,1.5431711039979037,0.2582982268488818,0.19783633563427977,3.1905589824219924,3.1905589824219924,0.793563122923588,3.8147374393175705e-53,large
Assent,ling,156,23.697935516050887,12.318181818181818,35.97350441320693,20.268495622406892,1120,1.1476080303963798,1.0,1.0845588235294117,0.9978216105876003,3.162158646457458,3.162158646457458,0.8717032967032967,3.212404675542154e-115,large
egemaps_F0semitoneFrom27.5Hz_sma3nz_meanRisingSlope_mean,acoustic,86,208.3775203772714,199.83790019574178,54.01469258496715,45.109652484450145,1120,98.30967839980691,94.50971270417328,40.17727857570543,34.038862179459606,3.1505815412050264,3.1505815412050264,0.8605481727574751,3.478851490594492e-66,large
egemaps_StddevUnvoicedSegmentLength_mean,acoustic,86,0.23829393009953984,0.23937256366774096,0.06814059790905733,0.054749077908434154,1120,0.10123607190005064,0.09227826074303658,0.04920628287269557,0.04279024730167023,3.1333303921514446,3.1333303921514446,0.8802948504983389,8.274182920491042e-71,large
mfcc_d2_std_whole,acoustic,86,6.3235636019947945,6.455405700393264,1.4473524974556637,0.9512638501012778,1120,3.949514549338507,3.916968146959941,0.9877913668751717,0.7487411985140221,3.1041423173080753,3.1041423173080753,0.8373961794019933,2.931724252400815e-61,large
mfcc_7_std_whole,acoustic,86,17.652891781370986,17.84604376653754,2.336291770037519,2.2969090352514097,1120,12.128545274348701,12.166991949081421,2.2711540892010653,1.7548210861917537,3.0717095455971903,3.0717095455971903,0.8140365448504983,8.63994469751844e-57,large
mfcc_d9_std_mean,acoustic,86,1.8214198449781491,1.8588924194398455,0.25358839506043207,0.2271974140679322,1120,1.3453330131606058,1.3404306698545008,0.1993724459350279,0.14824716541231617,3.068665056735819,3.068665056735819,0.776578073089701,2.5493332483704754e-50,large
egemaps_slopeUV500-1500_sma3nz_amean_mean,acoustic,86,0.005121764618491692,0.005230990950568363,0.004767573874393185,0.004110495275407149,1120,-0.010141794991732875,-0.01007068882883401,0.006365294012356769,0.005060072576541133,3.0533498013556475,3.0533498013556475,0.9196220930232558,6.339379793246452e-82,large
mfcc_10_std_mean,acoustic,86,12.032661954469898,12.366339115095418,1.8237111043880585,1.6176197226137528,1120,8.267969558623761,8.182087348919975,1.5051298877267065,1.2046311638457314,3.040175217196996,3.040175217196996,0.7773255813953488,1.8263771068047963e-50,large
mfcc_d11_std_mean,acoustic,86,1.562699291075731,1.5953606703426555,0.19637905296079428,0.168016358057129,1120,1.16833263139343,1.1619166439977184,0.1606468932527405,0.1267471241689605,3.0314706924432926,3.0314706924432926,0.8292566445182724,1.1498254465761266e-59,large
mfcc_3_std_whole,acoustic,86,37.33103098930912,36.85376824884334,5.332551591664462,4.112362282803252,1120,23.670718592838675,23.50911440168108,6.408763627211254,4.573313360596476,3.007351854903888,3.007351854903888,0.9070598006644518,4.82889280306567e-78,large
mfcc_d3_std_whole,acoustic,86,4.6401958439454285,4.593756226486063,0.825488455958399,0.5522278662548508,1120,2.9282548243038677,2.9182201623916626,0.7728394873832403,0.576801345353324,2.9767660870858754,2.9767660870858754,0.8830149501661129,1.733380416947515e-71,large
egemaps_mfcc1V_sma3nz_stddevNorm_mean,acoustic,86,0.40550387328721793,0.42215505682776755,0.16886884434251204,0.16859585293261817,1120,0.18122098727321273,0.1752728228026726,0.07575161429091942,0.06526044971345223,2.903968705292494,2.903968705292494,0.7513911960132891,2.0095926906632298e-46,large
mfcc_d8_std_mean,acoustic,86,1.9725891143966496,2.0006200470674136,0.2992883420276049,0.22898505908952488,1120,1.4351376687307744,1.4279349746166123,0.24014895950606197,0.1825068112642426,2.886898516327762,2.886898516327762,0.8043189368770763,5.160074164517987e-55,large
egemaps_mfcc1V_sma3nz_stddevNorm_whole,acoustic,86,0.4305627811671785,0.4438560064918161,0.1445443989488726,0.14054300533931385,1120,0.22455053165234326,0.21918419748544693,0.08566708583384752,0.0632033896916599,2.8827345653986334,2.8827345653986334,0.7442691029900332,2.3103073064397717e-45,large
egemaps_slopeUV500-1500_sma3nz_amean_whole,acoustic,86,0.005728265637365346,0.005747732684790084,0.005008663380795142,0.00429443433409889,1120,-0.008813632401582214,-0.008781608194112778,0.006407343652636673,0.005108943937463107,2.8763098935873224,2.8763098935873224,0.8972799003322258,3.060195411639589e-75,large
egemaps_spectralFlux_sma3_stddevNorm_whole,acoustic,86,1.3000272375949111,1.2761333690031424,0.20304794784260438,0.18205203511228635,1120,0.8406774310580939,0.8308685624765025,0.19600169892821995,0.15825574411665136,2.87000662389202,2.87000662389202,0.889202657807309,4.3987828924617664e-73,large
mfcc_d10_std_mean,acoustic,86,1.6581402642755725,1.6900256767641268,0.22634629966617115,0.19962431958070437,1120,1.2437855603192005,1.2407176067938193,0.17130587540137743,0.13934619486906538,2.868907973485465,2.868907973485465,0.771968438538206,1.3319777074296947e-49,large
mfcc_6_std_whole,acoustic,86,20.774598665741212,20.639149109093598,1.9809394280515278,1.9109867151791702,1120,14.71995225820894,14.735501289367676,2.7621155381202698,2.1475655045992013,2.8402567225980384,2.8402567225980384,0.9079318936877077,2.6247599288438903e-78,large
mfcc_d13_std_mean,acoustic,86,1.3945529689337033,1.433083734221589,0.20243527745060041,0.17906134239474525,1120,1.0625318202783898,1.0551440279612674,0.1406974523204494,0.11260884103081716,2.8011834182186615,2.8011834182186615,0.7656976744186046,1.2974427646446325e-48,large
mfcc_8_std_whole,acoustic,86,15.50340656623598,15.404273071623685,1.8748375188995094,1.446704350613706,1120,11.107181116403382,11.050543598333995,2.0051130930582683,1.5947866126872405,2.774017813528318,2.774017813528318,0.8954941860465115,9.440350084449597e-75,large
Numbers,ling,156,18.172551696970377,9.867857142857144,26.366358958149767,16.824238040800516,1120,1.6134085348552962,1.0,1.5909090909090908,1.7403977521705882,2.718705297567608,2.718705297567608,0.7047619047619048,1.6486721664501218e-67,large
mfcc_d5_std_whole,acoustic,86,2.646436168090676,2.7032761182253995,0.48938011094382894,0.34392495293269876,1120,1.845494932864785,1.829449819193946,0.3968170151114463,0.29325216652125957,2.6957441298433222,2.6957441298433222,0.7836794019933554,1.7220009206433387e-51,large
mfcc_1_mean_mean,acoustic,86,-362.431312607216,-364.3510595304883,61.570306255184505,45.49817318376107,1120,-243.49110777843214,-240.68975591207348,57.595112245932114,44.44026481735254,-2.6718663792407584,2.6718663792407584,0.8105066445182725,3.887657773486461e-56,large
egemaps_F0semitoneFrom27.5Hz_sma3nz_stddevNorm_mean,acoustic,86,0.1535979381006768,0.14884618596856788,0.04160816112354557,0.03026728714144507,1120,0.0899257223314159,0.08746914929032648,0.027897026514749818,0.023296664136930018,2.6690576191246276,2.6690576191246276,0.818625415282392,1.2817606309780653e-57,large
egemaps_mfcc1_sma3_stddevNorm_mean,acoustic,86,0.8174645953875395,0.8427928401686692,0.2551187763715468,0.22539450438420075,1120,0.34448440096773625,0.33582001165946374,0.14967659619557472,0.1739794183466313,2.655747170216808,2.655747170216808,0.7934593023255814,3.814740310437028e-53,large
ix_n_turns_total,temporal,156,201.6189273032007,147.22272727272727,243.84643162360558,120.02692832010501,1120,64.51988053475735,57.64583333333333,32.375,32.254497347188654,2.654980759570383,2.654980759570383,0.6062957875457875,3.4697550726712085e-48,large
egemaps_F0semitoneFrom27.5Hz_sma3nz_stddevFallingSlope_mean,acoustic,86,100.56536766909231,95.47083681759626,42.85895285677259,32.684184558488326,1120,43.57929110688526,40.551450249829074,23.278677839329603,20.438456638646542,2.6464925230511236,2.6464925230511236,0.7479443521594684,6.857499540002919e-46,large
mfcc_d4_std_whole,acoustic,86,3.319520597094925,3.3410126311008375,0.7306105502864151,0.40556730321610396,1120,2.366559896970349,2.3645165363947553,0.47677073966373085,0.35751362068276654,2.6389326577301278,2.6389326577301278,0.8069352159468438,1.7157871917861433e-55,large
mfcc_d6_std_mean,acoustic,86,2.4897150178660445,2.5406182085724236,0.33026702303905475,0.29314207643023965,1120,1.7994783313932328,1.7972393585353652,0.3525034748273892,0.26311788696056476,2.6012408468623294,2.6012408468623294,0.7872715946843853,4.371056242388999e-52,large
egemaps_F0semitoneFrom27.5Hz_sma3nz_stddevRisingSlope_whole,acoustic,86,505.44972137169196,519.2793429154616,153.88787846122239,122.46840559289186,1120,264.4124311216419,258.52384757995605,107.77472232182822,91.47445814779178,2.5642689776324374,2.5642689776324374,0.7890157807308971,2.1889069430800804e-52,large
mfcc_d7_std_whole,acoustic,86,2.166670541882421,2.1736019296117823,0.3364201116198611,0.2593548030033204,1120,1.591933009935568,1.5894211530685425,0.2986115589737892,0.22185633120155004,2.5576965904633644,2.5576965904633644,0.7721553156146179,1.331545209781432e-49,large
egemaps_F1bandwidth_sma3nz_stddevNorm_mean,acoustic,86,0.1850887611085741,0.18497219411448768,0.028715193595188593,0.020916359661538327,1120,0.14283671302451623,0.14225942965916483,0.01897303251173646,0.016201675707709938,2.548594476586573,2.548594476586573,0.7757059800664452,3.5550369661232993e-50,large
mfcc_5_std_whole,acoustic,86,21.8469186260387,21.956832946259333,3.298409654866422,2.4557486678068585,1120,15.155993477279202,14.984815788269042,3.518284265200297,2.6461817526482276,2.5409965197904625,2.5409965197904625,0.8186669435215946,1.2731874504418004e-57,large
mfcc_4_std_whole,acoustic,86,29.308078636987887,29.533510563824628,4.446254088613951,3.158572609176847,1120,20.691500310597963,20.74659752845764,4.438741207122803,3.4180612569308866,2.533995901753058,2.533995901753058,0.7926079734219269,5.421602304440403e-53,large
Negations,ling,156,27.738250929724998,11.147727272727273,48.89435117967332,26.963665390543625,1120,3.638364119077338,3.0,3.0142857142857142,2.9988756602288635,2.455166453058785,2.455166453058785,0.5068681318681318,7.032929664271572e-33,large
Nonfluencies,ling,156,25.59926139248775,8.990909090909092,40.225834480120646,29.958835098859552,1120,0.375049971912542,0.25,0.5,0.48529120797734254,2.411573944667254,2.411573944667254,0.8725045787545788,1.551594571497494e-115,large
egemaps_loudness_sma3_percentile20.0_whole,acoustic,86,0.07025885824668218,0.06532710793654661,0.04081173004896846,0.03242912841689023,1120,0.3675203182071057,0.3541068956255913,0.15519002626339595,0.12802935568009977,-2.4025451159318614,2.4025451159318614,0.9848214285714286,1.2540625239081264e-114,large
Adverbs,ling,156,71.80108578991755,19.745670995671,133.205290778404,74.59747121390588,1120,8.256972158093241,6.666666666666667,6.446969696969697,6.698184988358897,2.3740237892263134,2.3740237892263134,0.4730540293040293,1.7630876853839138e-28,large
mfcc_d8_std_whole,acoustic,86,1.9054348433497097,1.932352263009862,0.2731717842367529,0.20648879571544387,1120,1.4685388882233328,1.4628478705883026,0.2483868971467018,0.18247626801937114,2.370901540399498,2.370901540399498,0.7676287375415282,6.801205752676316e-49,large
ix_interruption_rate,temporal,156,0.0,0.0,0.0,0.0,1120,0.24173427490092889,0.23870420157184863,0.14582318722943724,0.1090612524347126,-2.365034183723353,2.365034183723353,0.9848214285714286,1.252179139847081e-181,large
mfcc_d12_std_whole,acoustic,86,1.42407188126715,1.4113833463061396,0.193972190368509,0.14860188035794117,1120,1.1366600274004561,1.136316291987896,0.16302756033837795,0.11924448409088745,2.364558529025227,2.364558529025227,0.7694559800664452,3.552284430294128e-49,large
Exclusive,ling,156,39.7122537991537,11.825757575757576,77.69767973003206,41.97587215243029,1120,4.201141821084902,3.267857142857143,3.6704545454545454,3.612786935228395,2.3630366523772977,2.3630366523772977,0.46071428571428563,5.76453441231682e-27,large
Articles,ling,156,73.38088869420264,24.55193236714976,134.9359752895326,74.21623892990576,1120,10.218367108868714,8.225,8.69044117647059,8.254122212567749,2.3377927456533496,2.3377927456533496,0.4559294871794872,2.156777991062388e-26,large
Time,ling,156,56.65950795321995,23.58913043478261,105.30737905646666,56.30656322053139,1120,8.637301263425982,7.0,6.924999999999999,6.8859876165553775,2.322937275581584,2.322937275581584,0.4728937728937729,1.844169180191536e-28,large
Total function words,ling,156,710.9822344863421,199.3361111111111,1379.6262840607667,732.4395750401634,1120,98.85225452652577,81.0,73.95979020979021,74.13397174695994,2.3120483990629372,2.3120483990629372,0.4603937728937729,6.28775898910186e-27,large
pt_total_speech_sec,temporal,156,428.26032775443485,142.81750000000028,801.6129810081234,419.79409516102527,1120,73.15388778938873,60.7433333333333,55.0626923076923,51.194483662441186,2.3045983069716907,2.3045983069716907,0.44782509157509165,1.9400393129998205e-25,large
egemaps_shimmerLocaldB_sma3nz_stddevNorm_mean,acoustic,86,0.6875060601571993,0.6818225404905331,0.07185822407187081,0.059675677173058196,1120,0.5278861542684152,0.528575816684786,0.08264063678187289,0.06995070429430937,2.3041379910161455,2.3041379910161455,0.8274916943521595,2.557351208297366e-59,large
Cognitive processes,ling,156,207.62040594908487,51.41666666666667,398.9613356307435,221.0144096172758,1120,26.04713853717264,21.0,21.15714285714286,20.545993580821595,2.2851162528105227,2.2851162528105227,0.45025183150183146,1.0109263482528722e-25,large
Quantifiers,ling,156,28.62285767906894,9.053140096618357,54.330185758513935,29.357608980794044,1120,4.115262477148783,3.375,3.34375,3.419037885295846,2.284093224968048,2.284093224968048,0.45430402930402924,3.369749775771e-26,large
Positive emotion,ling,156,39.06973720645099,15.329365079365079,68.06185850439883,38.2663842420609,1120,7.018308662502823,6.0,5.0,4.657309212274104,2.282375523525883,2.282375523525883,0.4573946886446886,1.4388891908743566e-26,large
Space,ling,156,62.45777090202297,18.675,119.8676318294944,64.88193529801677,1120,8.56810396131797,7.0,7.2125,7.317074891947083,2.2789013691272033,2.2789013691272033,0.45277014652014647,5.101789201561267e-26,large
Relativity,ling,156,137.0385278724564,46.95,265.098078895319,139.6120701609456,1120,20.56886933296146,16.464285714285715,16.0,16.562676775925222,2.2787454976969177,2.2787454976969177,0.4603937728937729,6.28775898910186e-27,large
Insight,ling,156,35.102003252318184,8.771645021645021,63.61592487373738,39.976634991872565,1120,2.865596152459366,2.2,2.7287878787878785,2.649343151980066,2.276045619956597,2.276045619956597,0.5076007326007326,5.594655917585999e-33,large
Impersonal pronouns,ling,156,80.09932184669788,22.535714285714285,151.5879914432546,84.84800136657712,1120,10.485241061824249,8.5,8.761904761904763,8.419186115564107,2.2728099504967547,2.2728099504967547,0.4487179487179488,1.5259713885281721e-25,large
ix_turn_rate_per_min,temporal,156,12.461170196015614,12.341175916050116,1.433959628970948,1.017931232152869,1120,20.14540970954218,20.084163029145945,4.040589666718297,3.5956415398892005,-2.267758352368738,2.267758352368738,0.9255723443223443,7.271940861039576e-139,large
Past tense,ling,156,58.86935284028436,14.467261904761905,111.29811984993636,64.916913420821,1120,5.592543983014093,3.9705882352941178,4.732954545454546,6.828330613105764,2.2641877193854567,2.2641877193854567,0.4577152014652015,1.319591034694202e-26,large
mfcc_d9_std_whole,acoustic,86,1.749185429311933,1.7642467919823734,0.2704416035397561,0.1958776004676259,1120,1.376429936838302,1.3727943499883015,0.22179712993758072,0.16257263269557842,2.2571488785533584,2.2571488785533584,0.724750830564784,1.479564517858304e-42,large
Total pronouns,ling,156,232.9181252091093,65.53888888888889,444.7693619702666,244.36149960327685,1120,34.10573025756008,28.25,24.189285714285717,24.471157618729272,2.252428566241177,2.252428566241177,0.4593406593406594,8.412521327832507e-27,large
Discrepancy,ling,156,22.615466833110784,6.190476190476191,41.890036653597974,24.27695370654442,1120,2.8716645369856093,2.3333333333333335,2.833333333333333,2.4337743129744496,2.2513632462313993,2.2513632462313993,0.44951923076923084,1.2332031522312864e-25,large
Future tense,ling,156,9.588720113324618,3.2666666666666666,17.525584239130435,9.897481775524852,1120,1.3495664495771758,1.0,1.3960526315789472,1.2979862885036906,2.250931506976343,2.250931506976343,0.45860805860805864,1.0312827509899693e-26,large
Coordinate phrase,ling,156,21.29801086096478,5.474242424242425,41.321720075590044,23.33601474896253,1119,2.3842670180770233,2.0,2.033333333333333,2.218246247995833,2.2505508477220215,2.2505508477220215,0.4567952155083522,1.7118742373645002e-26,large
Tentative,ling,156,30.908064556136022,8.451086956521738,59.79509724725036,32.85619094858227,1120,4.148198562992664,3.4444444444444446,3.5555555555555554,3.3866213132900223,2.2502883001757943,2.2502883001757943,0.44782509157509165,1.9400393129998205e-25,large
mfcc_d13_mean_std,acoustic,86,0.042324676635739154,0.044085674232614475,0.006337490186358839,0.00784871309949167,1120,0.11560780432414569,0.11183666786167094,0.041210084262028185,0.03372986133397456,-2.2490357054006576,2.2490357054006576,0.9741071428571428,1.4901374485519116e-106,large
mfcc_11_std_whole,acoustic,86,11.236365253954403,11.339042251406152,1.1954570502125073,0.8607272314823172,1120,8.60873194707303,8.5645250082016,1.4597452878952026,1.1900843360643925,2.2460739716435874,2.2460739716435874,0.8302533222591362,7.691914193567575e-60,large
Affective processes,ling,156,48.45309142203114,18.543290043290042,85.16873927958834,47.80441371810972,1120,8.958466777492236,7.792857142857143,6.8651785714285705,5.990342975725899,2.2447643161638564,2.2447643161638564,0.4529304029304029,4.887532973923801e-26,large
Clause,ling,156,177.04424712990064,48.47222222222222,333.7814772727273,183.40794537981216,1119,27.622572823714776,23.0,19.869047619047613,19.714288517335557,2.2431694823309902,2.2431694823309902,0.45038495909809584,9.83339727410659e-26,large
mfcc_9_std_whole,acoustic,86,13.50172997958674,13.66197737656378,1.7867887593973855,1.3833021520403415,1120,10.407444110554525,10.386807282765705,1.7787248969078053,1.3822304355608017,2.2384953778360104,2.2384953778360104,0.7363995016611296,3.3932308949078894e-44,large
Complex nominal,ling,156,90.61786747777994,25.66969696969697,170.55407285196685,96.50211335197409,1119,12.40885337896793,10.0,10.0,10.144293590555746,2.2351979271018703,2.2351979271018703,0.4523269402625971,5.805268898539313e-26,large
Common verbs,ling,156,199.6517859961157,54.28055555555556,382.2567219641672,210.1859590018112,1120,30.135318156211788,25.0,21.53421052631579,21.138122284926908,2.2321519949370296,2.2321519949370296,0.4548763736263737,2.8756990843184967e-26,large
egemaps_loudness_sma3_percentile20.0_mean,acoustic,86,0.10723125595479632,0.102357706043788,0.047252598746512164,0.038660837535692646,1120,0.42666237820787095,0.41252932233175,0.17692987212009387,0.14836959586827625,-2.2274781320262695,2.2274781320262695,0.9517857142857142,2.6276938169536884e-94,large
Certainty,ling,156,16.1855096726162,5.147727272727273,30.698268826035626,17.11397470269117,1120,2.2372294224722102,1.743421052631579,2.0,2.0248696808350974,2.226807238337269,2.226807238337269,0.4444139194139194,4.830800670929694e-25,large
Auxiliary verbs,ling,156,122.39547404844402,36.18333333333334,236.57711686240393,127.44906107865347,1120,19.337701838835734,16.25,14.498214285714287,13.790742090052746,2.2260893836959132,2.2260893836959132,0.4493589743589743,1.2865597682746062e-25,large
Prepositions,ling,156,112.1840522650404,34.34166666666667,216.05273080695883,115.34265384019568,1120,17.723956225903144,14.0,15.142857142857142,14.398871271016656,2.226005029117542,2.226005029117542,0.44514652014652023,3.9729708636091813e-25,large
Conjunctions,ling,156,97.1611966894155,23.901515151515152,187.47433123096997,105.65152411912233,1120,12.080121281347067,9.25,11.25,10.862871340695436,2.225386469158305,2.225386469158305,0.4490384615384615,1.4007701407346935e-25,large
mfcc_d11_std_whole,acoustic,86,1.4858208854393513,1.4924416906922777,0.16303889684944672,0.13733720896084953,1120,1.1889808968529012,1.1845583207905293,0.16752243240674325,0.13317196331429704,2.2240155301525317,2.2240155301525317,0.7586586378737541,1.65916821427469e-47,large
Complex T-unit,ling,156,36.001290208004505,8.825757575757576,68.22851647455416,38.68765311151192,1119,4.808504028270708,3.75,4.225,4.113659978561526,2.2218099361511006,2.2218099361511006,0.44844297793359456,1.6612536591023264e-25,large
pt_total_words,temporal,156,1095.735592986083,322.6361111111111,2089.648250507099,1123.807586764116,1120,185.13058120010064,155.0,132.58522727272725,128.8254512469009,2.220118438840341,2.220118438840341,0.44782509157509165,1.9400393129998205e-25,large
mfcc_d6_std_whole,acoustic,86,2.461805710822492,2.4916509183669335,0.32061430303152516,0.2679032097969143,1120,1.8551369796111306,1.8535997569561005,0.36263301433661055,0.27368063168855644,2.2199791944619665,2.2199791944619665,0.7452657807308969,1.7072951539710803e-45,large
mfcc_12_std_whole,acoustic,86,10.386408201409203,10.412280750347485,1.3305147342493804,1.1287171981900468,1120,8.130764296058569,8.12987289645455,1.3480373819669094,1.0071135775868048,2.2197372765918977,2.2197372765918977,0.7729651162790697,9.587168884472671e-50,large
Personal pronouns,ling,156,152.81880336241142,46.394444444444446,283.83010587238846,160.9351296693164,1120,23.620489195735836,19.535714285714285,17.150000000000002,16.710476329641292,2.21691344746736,2.21691344746736,0.4593406593406594,8.412521327832507e-27,large
Word count,ling,156,1143.9093349910788,336.3277777777778,2196.2502028397566,1172.331364336792,1119,195.5428068609118,164.875,137.8030303030303,135.21989259901036,2.2145058013123937,2.2145058013123937,0.4478242936687977,1.969232297274874e-25,large
mfcc_2_mean_std,acoustic,86,19.849485003782554,19.599515823346337,2.5887440925732577,2.5503635938786835,1120,13.049737334361273,12.917658746796537,3.720078845392642,3.114728767668473,2.208942339624249,2.208942339624249,0.8284468438538205,1.715978318006202e-59,large
Social processes,ling,156,123.59050152153577,31.547619047619044,226.3076203208556,135.52691046117113,1120,15.981171102063504,13.0,12.5,12.674420975327642,2.2077406627061933,2.2077406627061933,0.44578754578754576,3.3556924104806266e-25,large
T-unit,ling,156,98.18967677970376,30.86335403726708,187.0688621463078,95.63347105592416,1119,19.706714010088948,16.666666666666668,13.0,13.384137056403073,2.201498117186071,2.201498117186071,0.4478242936687977,1.969232297274874e-25,large
3rd pers plural,ling,156,16.44851793054282,2.9964285714285714,33.00256025785261,18.939208736118168,1120,1.4597753186044957,1.0,1.7142857142857144,1.8252984124459601,2.1964861958003166,2.1964861958003166,0.4469322344322345,2.4650546141007444e-25,large
egemaps_F2bandwidth_sma3nz_stddevNorm_mean,acoustic,86,0.30366792352907757,0.3068762852607322,0.03873302565398329,0.027762451398111166,1120,0.23877906496931034,0.23815400826194355,0.03737085718881414,0.029747559576709638,2.191319001951777,2.191319001951777,0.7909260797342192,1.0913353868351757e-52,large
Dependent clause,ling,156,61.78037000086655,15.69047619047619,113.5729462242563,69.1915598671362,1119,7.372013709443092,5.777777777777778,7.0,6.3862312502649194,2.187317856160163,2.187317856160163,0.4566405444421531,1.7878401216984042e-26,large
Causation,ling,156,15.00198683290606,3.5844155844155843,28.062034419087734,16.34341615039529,1120,1.96698296566587,1.5,1.8939393939393936,1.9114559794326764,2.181411292101469,2.181411292101469,0.4469322344322345,2.4650546141007444e-25,large
egemaps_hammarbergIndexV_sma3nz_stddevNorm_mean,acoustic,86,0.4449627100176541,0.44198473582099573,0.11620658197162992,0.09095343556347499,1120,0.2533110840980885,0.24854659360014658,0.08436930339649235,0.08815163093022514,2.1691741182655258,2.1691741182655258,0.7890365448504982,2.188906943066735e-52,large
egemaps_loudnessPeaksPerSec_mean,acoustic,86,2.8809554073028294,2.941036130723047,0.5183908154011303,0.39149489911620544,1120,3.83947228378735,3.8079394926680985,0.5109993820271477,0.44765636227563377,-2.159188313597537,2.159188313597537,0.8159676079734219,4.037916459225319e-57,large
Verb phrase,ling,156,203.67783159668855,53.669444444444444,387.1795952484085,213.41377489083382,1119,35.66734426401451,30.22222222222222,24.41428571428571,24.4062551476702,2.156688300523466,2.156688300523466,0.4478242936687977,1.969232297274874e-25,large
egemaps_hammarbergIndexV_sma3nz_stddevNorm_whole,acoustic,86,0.4781495234447107,0.47866047229989306,0.11053014061571065,0.08412321687353125,1120,0.3091496410866455,0.29971231740306725,0.08988167593876523,0.07804057411015874,2.153263481225124,2.153263481225124,0.7747923588039867,4.953019604019901e-50,large
T-unit per sentence,ling,156,0.8457815062831596,0.8558284629511903,0.12482529139526,0.09490388850223314,1119,0.559961444352083,0.562371893292002,0.1605734847298056,0.13727013711545497,2.1516751013333346,2.1516751013333346,0.8344504021447721,3.72546597713579e-102,large
1st pers singular,ling,156,73.38934690422063,27.833333333333336,134.40624117730096,74.22180607153582,1120,13.956759746746703,11.464285714285715,10.833333333333336,10.324040639024586,2.1504061153477716,2.1504061153477716,0.46291208791208793,3.114035089364346e-27,large
egemaps_F0semitoneFrom27.5Hz_sma3nz_stddevFallingSlope_std,acoustic,86,155.29277977046598,156.032984216877,55.317463825427865,47.09630735669557,1120,71.70574140116979,65.4562670108732,42.00453714862411,38.31721687340864,2.1431536628324634,2.1431536628324634,0.7184593023255814,1.0741861444280854e-41,large
Present tense,ling,156,120.27452080798452,35.268181818181816,224.0195823798627,126.4406514697189,1120,21.75471119334972,18.666666666666668,16.0,14.247452059945312,2.1380171613445205,2.1380171613445205,0.4469322344322345,2.4650546141007444e-25,large
Humans,ling,156,9.709662063410784,1.878787878787879,19.09977998696219,11.025300248755713,1120,1.0530532348183417,0.6666666666666666,1.3225108225108226,1.3762461586412045,2.134166921031978,2.134166921031978,0.4342719780219779,6.91900854532245e-24,large
Clause per sentence,ling,156,1.3479420730255742,1.2820296568627452,0.5243627391304349,0.43777029105600973,1119,0.7797090605871884,0.7675774134790528,0.2804875838399554,0.23345103158696165,2.1295743821465023,2.1295743821465023,0.6440846910015812,4.717536369167379e-55,large
Inclusive,ling,156,65.66804301546512,16.105555555555554,123.039644372426,72.56592550706667,1120,9.367801851702506,7.0,8.359848484848484,8.689291148290286,2.117421603065973,2.117421603065973,0.4427884615384615,7.44238960338355e-25,large
mfcc_d10_std_whole,acoustic,86,1.5905416245627266,1.6088166782656144,0.20631406800879515,0.16607413922767666,1120,1.2784111045300486,1.2731188535690308,0.17811289429664612,0.14703909838094165,2.1024125279433545,2.1024125279433545,0.7122093023255813,7.538941987837662e-41,large
Perceptual processes,ling,156,20.551213529385254,5.022727272727273,37.14831906392694,22.654543876018927,1120,3.25650741792906,2.6666666666666665,2.75,2.5112565004882272,2.0975906201936647,2.0975906201936647,0.44603937728937737,3.130363211774791e-25,large
Feel,ling,156,3.650827594375208,1.0704545454545453,6.752205469845722,3.922912479880987,1120,0.4975851396035402,0.3333333333333333,0.6666666666666666,0.664709879646326,2.09731970186788,2.09731970186788,0.43191391941391943,1.2727014695852277e-23,large
mfcc_d12_mean_std,acoustic,86,0.04484335222384035,0.04758721897715599,0.007992702519187801,0.008570972456057233,1120,0.12442308789014961,0.12184145302414844,0.04384208263119012,0.03945912739816369,-2.0882206009208417,2.0882206009208417,0.96875,3.528360973168656e-103,large
Money,ling,156,6.585490833761107,1.6411111111111112,12.591498730561726,7.278117848695654,1120,0.8458524762901992,0.5,1.1116071428571428,1.1340618153147453,2.085516066780105,2.085516066780105,0.43443223443223444,6.639875112968337e-24,large
egemaps_F0semitoneFrom27.5Hz_sma3nz_meanRisingSlope_std,acoustic,86,223.3993564381221,220.66387476295074,68.20254892197917,66.83233685310863,1120,118.34656687733573,113.25868627911412,56.24178399333279,48.89721383755413,2.085484296144498,2.085484296144498,0.7050041528239203,6.713589154637192e-40,large
mfcc_d11_mean_std,acoustic,86,0.047423449786643125,0.04984528461166911,0.007616512534562345,0.0077600866767921954,1120,0.12818714931534006,0.12451737109372904,0.04392170568195242,0.040234373647201005,-2.079239083820037,2.079239083820037,0.9616071428571429,3.708877306059254e-99,large
2nd person,ling,156,31.288127819381323,7.859090909090909,52.26792079583375,36.50796029827207,1120,4.2636162254467145,3.6,3.5,3.293356809018632,2.0624937116842226,2.0624937116842226,0.44757326007326004,2.08019188314628e-25,large
Biological processes,ling,156,13.519866245165657,5.956521739130435,22.0540899187958,14.17970784007271,1120,2.448551677248113,2.0,2.2569444444444446,2.2596005615757084,2.0577770934347908,2.0577770934347908,0.4463598901098901,2.875518113775558e-25,large
Fillers,ling,156,6.97784758513515,1.5367965367965368,12.719463348291775,8.143841443097047,1120,0.8548012365841839,0.625,1.037590579710145,0.9758264159919687,2.0518267414093874,2.0518267414093874,0.43873626373626373,2.1626307324147953e-24,large
mfcc_d10_mean_std,acoustic,86,0.05153670674013747,0.05337883088793732,0.010031431000479749,0.010578104490714795,1120,0.13675509470038189,0.1353387080960243,0.04581928060029303,0.04315965775245764,-2.0434543390306414,2.0434543390306414,0.95625,1.9925422856672628e-96,large
Achievement,ling,156,9.888383103109362,2.8499999999999996,18.377876712328767,10.405303003988703,1120,1.8161541352162462,1.5,1.8333333333333335,1.6725608089071549,2.041822212936833,2.041822212936833,0.4397893772893773,1.6408059774859724e-24,large
Motion,ling,156,21.266540873451543,6.222222222222222,40.76710357227402,22.74930171619371,1120,3.782552700401016,3.0,3.333333333333333,3.4534738469933224,2.0402019502995103,2.0402019502995103,0.4381639194139194,2.514080733383011e-24,large
Home,ling,156,5.2377516562703414,1.8214285714285714,9.427838342487552,5.8896406073211915,1120,0.6772431243334001,0.4,1.0,0.9744065611044224,2.0285525985226167,2.0285525985226167,0.43070054945054936,1.7366197017121332e-23,large
3rd pers singular,ling,156,18.743354387552245,3.1761363636363633,30.95653522908133,22.80969055276978,1120,1.963934314157085,1.1666666666666667,2.162605042016807,2.5260596357106437,2.0214077470955303,2.0214077470955303,0.43889652014652014,2.074212276495836e-24,large
mfcc_1_mean_whole,acoustic,86,-332.91222220009456,-328.5127828864641,56.995069028532555,41.958856400680624,1120,-242.89201837658985,-240.05713789803642,58.190392200763426,44.73490756958044,-2.0209004851008108,2.0209004851008108,0.7274709302325582,6.254155814040854e-43,large
1st pers plural,ling,156,12.948951862823915,3.628787878787879,22.58741373589914,14.323273271272848,1120,1.976403590780838,1.2857142857142858,2.1666666666666665,2.334123131127398,2.011858632854828,2.011858632854828,0.43889652014652014,2.074212276495836e-24,large
mfcc_d8_mean_std,acoustic,86,0.06231015180468022,0.06533899399935185,0.009958583191338646,0.013751380681049216,1120,0.15708409537296733,0.15647938150678825,0.05436696731679405,0.049136379308853326,-1.994784232955973,1.994784232955973,0.9276785714285715,1.1828131794279441e-84,large
egemaps_shimmerLocaldB_sma3nz_stddevNorm_whole,acoustic,86,0.7256047020881483,0.7297666719333726,0.076572292981827,0.06011979735844289,1120,0.6043589188723083,0.6027492903746091,0.07496992739893149,0.061322530471638464,1.979898125279521,1.979898125279521,0.7337209302325581,8.197141598785621e-44,large
See,ling,156,8.47226736218326,1.869047619047619,16.817744572945305,9.122302198611584,1120,1.6733798321060873,1.3452380952380953,1.5089285714285712,1.3873660838613424,1.9779715802667195,1.9779715802667195,0.440521978021978,1.3528325628559581e-24,large
mfcc_d13_std_whole,acoustic,86,1.316305789487103,1.3185500792447145,0.20399845227489988,0.14920778853587974,1120,1.0793534330496721,1.0736608008543649,0.15232261422571236,0.11754855078199249,1.973651782608304,1.973651782608304,0.6566860465116279,6.143187696666514e-34,large
Mean length of sentence,ling,156,8.94992655767623,8.681608143939394,3.58942138833992,2.7491628055626576,1119,5.600088722435688,5.430127041742287,1.8494586229227048,1.5355848160077807,1.9368869852586514,1.9368869852586514,0.6116725097958342,3.997265371949546e-49,large
mfcc_d6_mean_std,acoustic,86,0.08021235429392379,0.08467494274707256,0.017001698733508097,0.017485858821811653,1120,0.21372799371661172,0.21038865279742563,0.08312373990076366,0.07150297446381604,-1.932511244550522,1.932511244550522,0.9392857142857143,5.6286727158324474e-89,large
Body,ling,156,3.718357339719066,1.715686274509804,6.111309523809524,3.8616923982782225,1120,0.6083742811485195,0.3333333333333333,0.8888888888888888,0.9397018393242208,1.9324714601861723,1.9324714601861723,0.44081959706959706,1.2617607991735513e-24,large
Health,ling,156,4.535499671074924,2.9,6.342456004140787,5.075180730237316,1120,0.7362428873793107,0.5,1.0,0.932219572396354,1.9245539869798172,1.9245539869798172,0.49187271062271054,7.007217489998636e-31,large
egemaps_F0semitoneFrom27.5Hz_sma3nz_meanFallingSlope_mean,acoustic,86,94.0605780210346,91.39525602816255,34.93844023959731,26.922428797195145,1120,49.01172318467484,44.85145219601691,24.87457751399215,23.170045734035433,1.920678265343462,1.920678265343462,0.7023878737541527,1.5078909824516957e-39,large
Hear,ling,156,7.471925093537872,2.0681818181818183,11.738905016552076,9.310354548789167,1120,0.9610947734499311,0.75,1.0833333333333333,1.0591375760660502,1.9173182155848676,1.9173182155848676,0.44157509157509156,1.0250107518588428e-24,large
egemaps_MeanUnvoicedSegmentLength_std,acoustic,86,0.23949405189112247,0.225779569956591,0.10746252719278104,0.08958278031668225,1120,0.10408342565795381,0.0855954249331455,0.05680812182580108,0.06926597031510644,1.9101088367079868,1.9101088367079868,0.7051702657807309,6.6196235484209324e-40,large
ix_n_patient_turns,temporal,156,106.38938353442786,38.142857142857146,194.44187111801241,102.07592285179733,1120,31.47989440057463,28.0,17.913961038961034,17.769993257720312,1.9057593112556503,1.9057593112556503,0.44603937728937737,3.130363211774791e-25,large
pt_n_utterances,temporal,156,106.38938353442786,38.142857142857146,194.44187111801241,102.07592285179733,1120,31.47989440057463,28.0,17.913961038961034,17.769993257720312,1.9057593112556503,1.9057593112556503,0.44603937728937737,3.130363211774791e-25,large
Inhibition,ling,156,3.1904392635265855,0.91,6.138448275862069,3.3757813943120856,1120,0.6125734702479163,0.4444444444444444,1.0,0.7219863979935185,1.898202620696904,1.898202620696904,0.4333791208791208,8.716135033975801e-24,large
Negative emotion,ling,156,9.18262740610757,2.9782608695652173,16.516667572367417,9.790786136706053,1120,1.8966404450928742,1.5,1.8333333333333335,1.8785294775835912,1.8963259636583758,1.8963259636583758,0.4298076923076922,2.1827938904688506e-23,large
egemaps_F0semitoneFrom27.5Hz_sma3nz_meanRisingSlope_whole,acoustic,86,288.8820348256147,284.9650489466976,74.93754604461151,59.70658343206006,1120,177.67880597153925,170.651052792867,69.89465204874674,59.237281379547404,1.8761974851329786,1.8761974851329786,0.6917566445182725,3.5850263663716195e-38,large
Sadness,ling,156,1.7260129289147206,0.6157894736842104,3.2123856668693627,1.813946071553153,1120,0.2910938956328492,0.1,0.4,0.4672003098386507,1.8648791600085681,1.8648791600085681,0.4228250915750916,1.2808815897417803e-22,large
mfcc_d7_mean_std,acoustic,86,0.0718219609328605,0.07651020937987196,0.015087370367150743,0.01599652651247018,1120,0.16289840289562182,0.1597456676079409,0.059183853019091626,0.050491598642073664,-1.8639566637671714,1.8639566637671714,0.9151578073089701,1.712067574434389e-80,large
egemaps_F1bandwidth_sma3nz_stddevNorm_whole,acoustic,86,0.19639308097414512,0.19692863278437206,0.026774284837175616,0.021406661846789767,1120,0.1651276652261697,0.16226432099938393,0.01877283155918122,0.01642935437704458,1.8578179885065529,1.8578179885065529,0.6639742524916944,8.942828477304024e-35,large
mfcc_d9_mean_std,acoustic,86,0.056564814721063957,0.06041910150724136,0.0091064677113906,0.0119455382323474,1120,0.14864028644485724,0.1449443479526839,0.0531331169392627,0.051347873164487995,-1.8562172932273397,1.8562172932273397,0.9642857142857143,1.3095819470211467e-100,large
Family,ling,156,5.762129700464082,1.4722222222222223,10.519272891963109,6.957344087253617,1120,0.6603288815711645,0.256578947368421,0.7548076923076923,1.4079494786431124,1.8469458182559737,1.8469458182559737,0.41641483516483513,6.305206817069138e-22,large
Sentence,ling,156,106.69618821469344,38.142857142857146,194.34540372670807,102.23616904481113,1119,33.385400381080935,29.5,20.055952380952377,19.26441695047463,1.8335773901925057,1.8335773901925057,0.4460369835704957,3.1777467806639047e-25,large
mfcc_d5_mean_std,acoustic,86,0.08543567687171198,0.09212281726130925,0.01882609831051678,0.02193295920050007,1120,0.20204334186879566,0.19771568730116718,0.079191780738884,0.06571026724243384,-1.8329985135338362,1.8329985135338362,0.9133720930232558,6.185967793488269e-80,large
mfcc_13_std_whole,acoustic,86,9.578621227835447,9.760902938535136,1.6995941865251343,1.238158346449738,1120,7.64775626135704,7.61790187160174,1.3645618915557858,1.039637856670399,1.8304130142221702,1.8304130142221702,0.6344476744186047,2.0315936579880883e-31,large
mfcc_d4_mean_std,acoustic,86,0.10853951301100188,0.11794980208345689,0.025162969382928044,0.02566489643865963,1120,0.2761455450990414,0.2724884033792573,0.11235959059829922,0.09507844355686042,-1.8235061128166983,1.8235061128166983,0.9383928571428571,1.2649163448079944e-88,large
mfcc_10_std_whole,acoustic,86,12.179543986847852,12.264085081135171,1.7781311103611621,1.4219486020252297,1120,9.644775244122433,9.563965082168579,1.7182734608650208,1.3989193207315644,1.8098283182699537,1.8098283182699537,0.6442068106312292,1.6472748938959134e-32,large
Work,ling,156,15.137154618678837,3.0625,28.50691767343227,16.958486349692578,1120,3.1097478124283535,2.3333333333333335,3.1013157894736842,3.264465438948294,1.8060393206629974,1.8060393206629974,0.43443223443223444,6.639875112968337e-24,large
egemaps_mfcc1V_sma3nz_stddevNorm_std,acoustic,86,0.7918418238854908,0.34609462639403,0.6273882790125742,1.388212266921979,1120,0.08649806700343948,0.07049854851576694,0.03441964177056398,0.13980604432634286,1.7961137713925786,1.7961137713925786,0.7425249169435215,4.22057801436754e-45,large
Friends,ling,156,1.310026572752285,0.6202380952380953,2.0251728110599077,1.4113873914741826,1120,0.1983991806714925,0.0,0.25,0.40188869662565824,1.7933660564467668,1.7933660564467668,0.5129349816849816,1.0326551954212347e-33,large
pt_pause_ratio,temporal,155,0.04131643198958053,0.03524440900953141,0.034561119549686464,0.02571707498230852,1116,0.19630959814554727,0.18332999851752246,0.11024651186150827,0.09182503546289189,-1.791038906722622,1.791038906722622,0.8670250896057348,9.547422129829242e-113,large
Leisure,ling,156,11.075967690577292,2.5166666666666666,21.809586247086248,12.087499868951884,1120,2.658999586152591,2.05,2.5,2.322388480949385,1.7739267504599325,1.7739267504599325,0.4333791208791208,8.716135033975801e-24,large
egemaps_StddevUnvoicedSegmentLength_std,acoustic,86,0.16607904036776627,0.16646684488030747,0.05351183363383136,0.03737662275450819,1120,0.08794092490715692,0.07828182569211536,0.04367891140806081,0.04474537949068536,1.7652179355162962,1.7652179355162962,0.7507682724252491,2.656999102193992e-46,large
Ingestion,ling,156,4.3202493900577705,1.2063492063492065,8.177737154150197,4.7240219158272705,1120,0.8984778089828316,0.5,1.2556818181818181,1.1416192602604502,1.7416737817076307,1.7416737817076307,0.42355769230769225,1.0651188480448134e-22,large
Religion,ling,156,2.208256229851554,0.4605263157894737,3.767174432497013,2.6338945755351792,1120,0.3279141229556344,0.0,0.375,0.6684635128448637,1.6909777362363672,1.6909777362363672,0.455540293040293,2.3916460931880173e-26,large
egemaps_mfcc1_sma3_amean_std,acoustic,86,5.259990200952963,5.193166019570015,0.7871284920630295,0.7638199683767003,1120,3.7859944256988602,3.733101813450851,1.050623220633201,0.8912886414357428,1.6695056101510448,1.6695056101510448,0.7391196013289036,1.3871374556808848e-44,large
mfcc_2_mean_whole,acoustic,86,82.08122894995732,77.61679452776569,18.740043450465578,17.63294739228723,1120,113.63417565105784,110.39437866210938,26.49799423217773,19.093298099351227,-1.6612161282488986,1.6612161282488986,0.6969269102990032,7.476444080399976e-39,large
mfcc_d3_mean_std,acoustic,86,0.14385291159606606,0.15079291651004478,0.025327288905910683,0.025127395001581437,1120,0.3100893482942363,0.30182188114114683,0.12440457524783066,0.10605187312946956,-1.622490142520783,1.622490142520783,0.9133928571428571,5.929244079372721e-80,large
Anger,ling,156,2.770007439278823,0.7255639097744361,4.900941902300598,3.1955296386872822,1120,0.5964025373064418,0.3944444444444445,0.9109848484848484,0.8112142394760055,1.6110208516734519,1.6110208516734519,0.415521978021978,7.855273303445512e-22,large
egemaps_MeanUnvoicedSegmentLength_mean,acoustic,86,0.2756387987345541,0.26572300538719473,0.10662920514972166,0.07981102709661486,1120,0.16350998021062335,0.1457083453077304,0.06796300710008034,0.06889955609771942,1.6081366685392269,1.6081366685392269,0.6479443521594683,6.462515614572254e-33,large
Anxiety,ling,156,1.5447842472207889,0.47619047619047616,2.6722619047619047,1.941438324775155,1120,0.27159109783424124,0.0,0.4,0.44390366349377564,1.6019754449311052,1.6019754449311052,0.41845238095238096,3.807417749111192e-22,large
Sexual,ling,156,1.3225248559327047,0.3514705882352941,2.1940424842797106,1.6547523061835991,1120,0.23699544181307555,0.0,0.3333333333333333,0.4208615185297219,1.5527923086548079,1.5527923086548079,0.4028617216117216,1.671246624839978e-20,large
egemaps_F0semitoneFrom27.5Hz_sma3nz_pctlrange0-2_mean,acoustic,86,5.970366071816188,5.582744550013416,1.5739546511061837,1.1731115862983759,1120,4.332495140502597,4.183118778641489,1.2992306951922612,1.0978456871053175,1.484482653072113,1.484482653072113,0.630045681063123,6.219611434132689e-31,large
egemaps_StddevUnvoicedSegmentLength_whole,acoustic,86,0.3679188094992054,0.35437988094770023,0.11745821451635596,0.10410165867138996,1120,0.21132201722303867,0.1872036975171221,0.10050669126212597,0.10611382142328597,1.4777043441959163,1.4777043441959163,0.6791943521594683,1.3216556671710213e-36,large
egemaps_jitterLocal_sma3nz_stddevNorm_mean,acoustic,86,1.3121162559354609,1.3269943216861175,0.16437891705704422,0.12963288445070778,1120,1.055109110863293,1.0672903317160898,0.22506198364465124,0.1779440356895847,1.468851222203459,1.468851222203459,0.6290905315614619,7.793263330357755e-31,large
egemaps_F2bandwidth_sma3nz_stddevNorm_whole,acoustic,86,0.323465488151758,0.32731447303352235,0.03221884992515672,0.026937418292869903,1120,0.28262164550496893,0.28081842325627804,0.036345966160297394,0.028107754318961883,1.4573172260316158,1.4573172260316158,0.59703073089701,1.6802442818129048e-27,large
egemaps_F2frequency_sma3nz_stddevNorm_std,acoustic,86,0.02260804181399036,0.022502808101416284,0.0059520868688220825,0.004557398893958173,1120,0.035494643621052244,0.03472663885923204,0.011209267785043359,0.00912811171669475,-1.4507162048377613,1.4507162048377613,0.6890365448504983,7.900780394680443e-38,large
egemaps_VoicedSegmentsPerSec_std,acoustic,86,0.824805344270476,0.8111028514220909,0.11517031749804363,0.08727104885215911,1120,1.200507508620256,1.1896900755872757,0.2888734374022961,0.2701852054972728,-1.4367003478777258,1.4367003478777258,0.7972383720930233,9.003273035737657e-54,large
egemaps_loudness_sma3_stddevFallingSlope_mean,acoustic,86,3.390133281010137,3.274913061175593,1.3231995189830386,0.9961380643632826,1120,2.180203815836154,2.073256485566983,1.0970220014293317,0.8365588975033265,1.4254425590603983,1.4254425590603983,0.5290697674418605,2.9650631247995156e-21,large
egemaps_StddevVoicedSegmentLengthSec_mean,acoustic,86,0.15286676686502554,0.15037711428790992,0.0416366045276407,0.03409600729540327,1120,0.10331286297763698,0.10158591654769511,0.04399046482047385,0.03488334224009901,1.4228039924983733,1.4228039924983733,0.576578073089701,1.5140630608430334e-25,large
egemaps_mfcc4V_sma3nz_stddevNorm_std,acoustic,86,109.96573339155357,66.52985721136642,117.31747239769705,166.01837537520566,1120,14.138152573614411,3.3576883818250414,9.27296393867782,53.34383477689039,1.4143613874453422,1.4143613874453422,0.6173172757475083,1.350093377090733e-29,large
mfcc_d2_std_std,acoustic,86,1.367055690989824,1.4363029059316694,0.35731560712771415,0.3137409294650781,1120,1.020742255584924,1.005865073964553,0.31512599601882674,0.24101533389607435,1.4029105941776716,1.4029105941776716,0.5798795681063122,7.877153109506274e-26,large
mfcc_5_mean_mean,acoustic,86,-5.334460966141726,-5.480035595986145,8.890981992188868,7.0741915629913175,1120,-15.73474510745899,-16.335074669560328,10.556582290459465,7.643207529595168,1.3676606778549374,1.3676606778549374,0.5497715946843853,4.403186815229991e-23,large
pt_mean_utt_dur_sec,temporal,156,3.689050240488465,3.596335908645499,0.7666518415283425,0.6061231172886856,1120,2.303242441401039,2.0880729746444047,1.0831309518619574,1.0620720849235181,1.3618734678287927,1.3618734678287927,0.7335393772893772,4.135747156248227e-74,large
egemaps_F3bandwidth_sma3nz_stddevNorm_mean,acoustic,86,0.3313871003215897,0.3294000177089148,0.04331866244782928,0.0291357136488533,1120,0.282234869568115,0.2805940854672826,0.04570321832400548,0.03692188340264481,1.3493411938332562,1.3493411938332562,0.5873131229235881,1.386740472984362e-26,large
pt_mean_pause_sec,temporal,155,0.40463547858945986,0.35293018074760857,0.25638449192517,0.2806492655985067,1116,1.2519270813810124,1.1041105013693326,0.5816358741168551,0.6728827696280898,-1.3274898932684553,1.3274898932684553,0.7924731182795699,7.235306616406433e-89,large
egemaps_F0semitoneFrom27.5Hz_sma3nz_stddevNorm_whole,acoustic,86,0.18971971743107532,0.1851918420815034,0.047293037863756104,0.03799224700792054,1120,0.13655551201654018,0.13055565687162535,0.04242841710173893,0.04032565896736995,1.3236328306434897,1.3236328306434897,0.6283222591362125,9.449473765845943e-31,large
egemaps_F3frequency_sma3nz_stddevNorm_mean,acoustic,86,0.09622512231414915,0.09646737269511177,0.010598549901961948,0.0076351922212016836,1120,0.08346266143937395,0.0828015565213518,0.012033002554368774,0.00999391131692101,1.2962148137270222,1.2962148137270222,0.5783222591362126,1.0758554621639702e-25,large
egemaps_F0semitoneFrom27.5Hz_sma3nz_stddevFallingSlope_whole,acoustic,86,267.9276742475591,268.0394175553407,87.20451269394314,68.69305503458192,1120,160.33733615418518,147.76034545898438,91.46806375796979,84.98306536808332,1.2818016730056099,1.2818016730056099,0.6488372093023256,5.117819958117572e-33,large
egemaps_loudness_sma3_percentile50.0_mean,acoustic,86,0.3558346256251262,0.3354545928171654,0.1600755263684322,0.12647193796563522,1120,0.6595753857887257,0.6329631262514721,0.28716054725514095,0.2433889752772909,-1.2814204289725089,1.2814204289725089,0.6507059800664452,2.980669836605073e-33,large
Death,ling,156,1.1580076055187105,0.23809523809523808,1.99984126984127,1.4249068233618325,1120,0.2528908837627854,0.0,0.3333333333333333,0.5372126148975913,1.2793795802855152,1.2793795802855152,0.3973443223443224,6.121141274303904e-20,large
mfcc_d2_mean_std,acoustic,86,0.22556783436279498,0.2510406557651197,0.07278175325588931,0.07208803590540273,1120,0.4011305297465088,0.3845490740789484,0.16282955275494582,0.1445920835626153,-1.2477402393140482,1.2477402393140482,0.7517234219269102,1.6539525532531667e-46,large
egemaps_F1bandwidth_sma3nz_amean_whole,acoustic,86,1332.5941044545546,1337.6853103894578,43.80665475919318,38.515009949135006,1120,1378.6262576410256,1383.152887980143,40.537548828124955,36.95636263920993,-1.2418115345783791,1.2418115345783791,0.554173588039867,1.8759240045571128e-23,large
egemaps_F3frequency_sma3nz_stddevNorm_std,acoustic,86,0.016070479998102714,0.015444948728228323,0.003176332469293209,0.0031597039436604183,1120,0.023018524805973162,0.022463959943841726,0.006818624386861861,0.0057572292665233615,-1.2377557682424418,1.2377557682424418,0.6603612956810632,2.3544085396735143e-34,large
mfcc_5_mean_whole,acoustic,86,-4.7467095507296095,-4.83954439635961,7.844797145797316,6.474353690396061,1120,-13.086522925270062,-13.554392886161803,8.834352941696459,7.011815471251107,1.19563265547439,1.19563265547439,0.49705149501661133,1.0808176116943437e-18,large
egemaps_F2bandwidth_sma3nz_amean_whole,acoustic,86,1036.7548230363213,1037.6992867264094,42.216495663381465,37.24811208462141,1120,1093.4295278690868,1094.16435546875,61.68925957501256,48.283756206484,-1.1909279534250667,1.1909279534250667,0.576391196013289,1.723396965895663e-25,large
egemaps_loudness_sma3_percentile50.0_whole,acoustic,86,0.3376741300087195,0.3245554366864287,0.1586936796857854,0.12647951419098252,1120,0.5967652477625701,0.5711505293846131,0.27021139727107113,0.22383527224010327,-1.1863654730960922,1.1863654730960922,0.6015365448504983,5.790177382943568e-28,large
egemaps_mfcc1_sma3_stddevNorm_std,acoustic,86,1.3195342974143691,0.6464391516117872,1.2740918123997869,2.626918756614278,1120,0.20475601141908473,0.13361221021976016,0.10855751489695353,0.660955126978615,1.1795466796482499,1.1795466796482499,0.6647632890365448,7.012614668889802e-35,large
egemaps_mfcc4_sma3_amean_mean,acoustic,86,-3.459634265233641,-3.1210385939570697,5.737171174396027,4.687020472065808,1120,-9.824353738548393,-10.252148882014268,7.346642436826391,5.502958525464281,1.167974635533742,1.167974635533742,0.5147009966777409,4.587512927175718e-20,large
egemaps_alphaRatioV_sma3nz_stddevNorm_whole,acoustic,86,-0.7382909627370633,-0.7050790984335364,0.24835884352653403,0.18926269557507655,1120,-0.45751731727741146,-0.4303334674664906,0.1496761862865903,0.2492770047305674,-1.1435790415479536,1.1435790415479536,0.698920265780731,4.313779895691308e-39,large
egemaps_spectralFluxV_sma3nz_stddevNorm_whole,acoustic,86,0.8774719565292874,0.8663732377670661,0.10671354167298219,0.10672263773244965,1120,0.7135881911373241,0.6960384710913613,0.17657498696020668,0.14599773837726202,1.1414275859679643,1.1414275859679643,0.6238164451827242,2.9099757585286324e-30,large
sm_content_density,semantic,156,0.38631640636481845,0.39110813822304985,0.030314750195398033,0.023086554416101128,1119,0.4349894289676166,0.4368721803946511,0.04097281207015757,0.04497746229344662,-1.1342173450656097,1.1342173450656097,0.7150443390389771,8.251391517434038e-70,large
egemaps_F2frequency_sma3nz_stddevNorm_mean,acoustic,86,0.1418188784540903,0.141641107542328,0.012429488189916571,0.00986852263432726,1120,0.1246546440033701,0.12390318036021669,0.01914192363324603,0.015660659847031903,1.1201073065073428,1.1201073065073428,0.5621470099667774,3.6677884908611926e-24,large
pt_mean_words_per_utt,temporal,156,8.60721146104311,8.377262158413622,3.3295984804594756,2.622386383739191,1120,5.821333806526088,5.470814168819983,2.53164098652784,2.487022261204441,1.1126232701879966,1.1126232701879966,0.5043498168498168,1.5413136074349714e-32,large
egemaps_VoicedSegmentsPerSec_mean,acoustic,86,2.433030880800172,2.4108292903886515,0.587923576393576,0.3713814293195871,1120,2.883804505212119,2.8643929677506916,0.46275064738298166,0.40801410367331503,-1.1115488759943477,1.1115488759943477,0.45191029900332225,2.308817803833408e-15,large
mfcc_6_mean_whole,acoustic,86,-15.08578511845911,-13.101704620396823,9.87809850995202,7.731034877452306,1120,-3.5862504867454876,-2.73440121114254,14.622513321869903,10.673645499770155,-1.0959232661145408,1.0959232661145408,0.5739617940199335,2.5845661947483265e-25,large
egemaps_F0semitoneFrom27.5Hz_sma3nz_meanFallingSlope_std,acoustic,86,121.36549349814925,118.71766699364608,42.57182357770108,38.243771380960105,1120,75.57841813301404,66.39211427295592,41.852976626882864,43.20304113167188,1.0680010523923917,1.0680010523923917,0.6193936877076411,8.425302185484792e-30,large
ix_patient_talk_ratio,temporal,156,0.33090876388947027,0.2571027648428217,0.45790967410349526,0.22843289320995366,1120,0.509524752003788,0.5196651618167392,0.21545686012157494,0.15783261101543156,-1.063096866210283,1.063096866210283,0.4492673992673992,1.325043560164213e-25,large
mfcc_2_std_std,acoustic,86,10.210126141275465,10.336756916695167,1.9480624163172582,1.9148276311459609,1120,7.924463766773168,7.6812029234907815,2.9875434830881744,2.1819034354314906,1.0561576126598575,1.0561576126598575,0.545203488372093,1.197163886258866e-22,large
egemaps_mfcc4_sma3_amean_whole,acoustic,86,-3.575097040776823,-3.1646608310266156,5.890495832991299,4.752034851143605,1120,-9.405459063632696,-9.747042022645473,7.3357934554417925,5.5766662903648205,1.0557487410648647,1.0557487410648647,0.4727367109634551,7.906780236023655e-17,large
sm_content_diversity,semantic,156,0.6956482679182491,0.7447064846403887,0.3599007077719134,0.1818561342974929,1117,0.8019064955207047,0.8064413823272091,0.11187918271181518,0.08379620020120927,-1.0521847088951333,1.0521847088951333,0.4226120790579161,1.3795874980864244e-22,large
mfcc_6_mean_mean,acoustic,86,-14.185801551598377,-11.837937206398971,9.773516676872282,8.077998356399238,1120,-2.068310277973937,-1.941136248392771,15.820690550206663,11.749120904709914,-1.0511024454086435,1.0511024454086435,0.5651162790697675,1.7440736940397496e-24,large
egemaps_F1frequency_sma3nz_stddevNorm_mean,acoustic,86,0.32848900051117536,0.3322552271854682,0.03993301975309366,0.0338410885445644,1120,0.2858459293052515,0.2859505849141256,0.05614730434206022,0.0413238105523155,1.044135642087523,1.044135642087523,0.5174626245847176,2.725807312870869e-20,large
egemaps_spectralFluxUV_sma3nz_amean_mean,acoustic,86,0.11376683909493827,0.10602783772156668,0.06604586884689667,0.04613145184068719,1120,0.29143409299211365,0.2726487088043338,0.20050596226398226,0.17767465200218163,-1.0345964901021163,1.0345964901021163,0.6551495016611296,9.472789406295142e-34,large
egemaps_loudness_sma3_stddevRisingSlope_mean,acoustic,86,4.379221544026608,4.187147434058787,1.9230813519331895,1.3390692235266455,1120,3.0775744264728484,2.902216769722198,1.5378018639081845,1.2610618730114862,1.0275674883321573,1.0275674883321573,0.4067483388704319,1.9719328913164002e-12,large
mfcc_d1_mean_std,acoustic,86,0.5927454707825005,0.6533972125058047,0.19945811774263444,0.19289930409175854,1120,0.9190770988741954,0.8983501017114071,0.3779106168606571,0.32643322576423867,-1.023477188992987,1.023477188992987,0.5847799003322258,2.3966674332903836e-26,large
egemaps_F1frequency_sma3nz_stddevNorm_std,acoustic,86,0.056856757491945326,0.05527238411024053,0.01440818591069351,0.0115549448255459,1120,0.07805939268819843,0.07556899540181852,0.024739054156487847,0.021369755316338754,-1.0179317950947557,1.0179317950947557,0.5469269102990033,8.568676916867297e-23,large
egemaps_loudnessPeaksPerSec_std,acoustic,86,0.9259539367224143,0.9348199922392264,0.12218930446032017,0.10218546195430632,1120,1.245903868576928,1.1955402648412419,0.34514181946803135,0.32897693018633745,-1.0051459822813382,1.0051459822813382,0.6891611295681063,6.89519459333717e-38,large
ix_patient_word_ratio,temporal,156,0.3162207671237411,0.2466708855879824,0.4655269873226159,0.23365650259150744,1120,0.4827182075511246,0.48866411880288313,0.19961023401407935,0.15395376901716704,-1.0047409568015817,1.0047409568015817,0.45599816849816854,2.1284158581464766e-26,large
mfcc_2_mean_mean,acoustic,86,96.64421232584279,92.73786334599083,17.778110332759823,17.141447773791814,1120,116.88330882819584,112.67369664871697,30.338422293075297,20.60520575118788,-0.9930864882833546,0.9930864882833546,0.49950166112956806,7.48207163613286e-19,large
Mean of response length,ling,156,34.795594644262806,15.398566507190516,48.16824523655367,35.8465587258971,1119,13.74807593195233,10.976190476190476,7.791403735153734,18.33484788180533,0.9903280624487593,0.9903280624487593,0.36483467381590706,8.578251682727818e-17,large
egemaps_F3bandwidth_sma3nz_stddevNorm_std,acoustic,86,0.07378785601107381,0.07259026353520157,0.014262590528322114,0.011874494835823387,1120,0.09483851178724016,0.09368156587791825,0.025887654476874467,0.021895054185153955,-0.9863241096762256,0.9863241096762256,0.552408637873754,2.6531647372224124e-23,large
Swear words,ling,156,0.3766776468414227,0.12916666666666665,0.5173490127758421,0.5429571165855339,1120,0.08777200176936191,0.0,0.0,0.24113963276068298,0.9798163043426663,0.9798163043426663,0.5353021978021978,6.89064861316119e-37,large
mfcc_5_std_std,acoustic,86,4.550074905960237,4.59673007563428,1.0202509642413347,0.801875157838731,1120,3.7339981397617295,3.683956202446957,1.0597069010526603,0.8363699180145943,0.9785310584106363,0.9785310584106363,0.4459925249169435,5.977518753133866e-15,large
Simple TTR,ling,156,0.4961309308383113,0.4825470847740575,0.38008538261780966,0.20036926796324597,1119,0.614152650015231,0.6118271015005667,0.13695511744069577,0.10528656631978041,-0.9759558727580201,0.9759558727580201,0.42979652161957793,2.216544607703556e-23,large
egemaps_F0semitoneFrom27.5Hz_sma3nz_meanFallingSlope_whole,acoustic,86,133.49940686832778,129.41895307678146,45.11500578094896,32.961601273870386,1120,93.7389440125302,87.2109144528707,46.59327905828303,41.72499103400109,0.96582026132632,0.96582026132632,0.5487749169435215,5.807300327690653e-23,large
egemaps_loudness_sma3_amean_mean,acoustic,86,0.47252222521424037,0.4386589721777518,0.20111374424923534,0.1464740899889452,1120,0.7081357364475439,0.6858628498123418,0.3081778023150664,0.2522508974393039,-0.9566963251820771,0.9566963251820771,0.470203488372093,1.150285417155678e-16,large
egemaps_F1frequency_sma3nz_amean_std,acoustic,86,75.73855513805913,72.17682573948119,20.78582241061187,17.239641841116022,1120,119.15707276741307,111.05185259678206,55.68258682084621,46.85726905498454,-0.9562574706208378,0.9562574706208378,0.5586794019933554,7.129701570953774e-24,large
egemaps_mfcc2V_sma3nz_stddevNorm_std,acoustic,86,145.42616207882796,100.11573120010554,136.2357515344705,177.4890072949782,1120,29.340590964299345,9.805905510172742,15.825939671369339,116.08622616578705,0.9558776876673382,0.9558776876673382,0.6620224252491693,1.4527959382175898e-34,large
egemaps_mfcc1_sma3_amean_mean,acoustic,86,22.82176143630761,22.1753390581245,3.8623184663977277,3.8873566641241073,1120,27.2151102587439,27.185275734593983,6.72782793717877,4.658034920502134,-0.9534472444139456,0.9534472444139456,0.49862956810631226,8.76960703077705e-19,large
egemaps_spectralFluxUV_sma3nz_amean_whole,acoustic,86,0.11019666641025073,0.10318267218388197,0.06742000886827496,0.04624548801241749,1120,0.2596990060916454,0.23927615632248275,0.17540736123919487,0.1625464220606904,-0.9511252740956558,0.9511252740956558,0.6060423588039867,1.942162985612338e-28,large
pt_std_pause_sec,temporal,155,0.4501615530044417,0.40422639490667217,0.31855093626995634,0.2777618662310305,1116,1.1012097210947125,0.9297396541468317,0.7252041028855858,0.7261893309667132,-0.9469184722061741,0.9469184722061741,0.5801075268817204,1.6160525134866041e-43,large
egemaps_F3bandwidth_sma3nz_amean_std,acoustic,86,94.34813455212118,89.45990717021482,27.64274275772135,24.491010905150077,1120,159.6903201836862,143.47127972215145,88.56972524573669,73.02754942761808,-0.9241827164147861,0.9241827164147861,0.5301495016611296,2.1784124255091295e-21,large
pt_long_pause_per_min,temporal,155,0.22017809762525553,0.14843133069522604,0.26289548145677977,0.22397620450471223,1116,2.0441491209779405,1.4782337669391716,1.901225077813815,2.1233362722654054,-0.9157123713226206,0.9157123713226206,0.7415770609318997,1.3863684075691155e-75,large
egemaps_shimmerLocaldB_sma3nz_amean_mean,acoustic,86,1.295732123048572,1.2936491360936304,0.1385222904974026,0.10421183673587897,1120,1.194818382611992,1.1929623120255735,0.1337420809636456,0.11196619186606102,0.9055720744784133,0.9055720744784133,0.42113787375415285,2.4440207182154697e-13,large
egemaps_F2bandwidth_sma3nz_amean_std,acoustic,86,101.27199220905555,96.71320592529926,27.53237250248806,26.08216873036572,1120,170.73433956035848,152.44785219894084,97.9603070482624,79.92366628243143,-0.8978890951606058,0.8978890951606058,0.509468438538206,1.1901492315448952e-19,large
egemaps_loudness_sma3_percentile20.0_std,acoustic,86,0.07964549875008044,0.07676566424362981,0.04199967587534064,0.029691511829768355,1120,0.13926238340685337,0.1275716312359022,0.08374258978889754,0.06844418757889605,-0.8971163873757091,0.8971163873757091,0.48720930232558135,6.2073504289038756e-18,large
mfcc_3_mean_whole,acoustic,86,-4.669580689022314,-2.5459314769641215,16.584518795109382,15.433232013934086,1120,-13.758096382502588,-13.79803703625997,11.326388177772362,9.713201603770283,0.8890634670373534,0.8890634670373534,0.469954318936877,1.2512559929559092e-16,large
sm_semantic_spread,semantic,156,0.7207327506713305,0.7279786693062185,0.06336484793604624,0.04400309335332042,1117,0.6802000427836582,0.6837750925112753,0.05236343099957841,0.04650894174371995,0.8771295957854739,0.8771295957854739,0.3912494548125703,2.553362039492802e-19,large
egemaps_spectralFluxUV_sma3nz_amean_std,acoustic,86,0.07357455107316936,0.0733481579527632,0.03587447346963701,0.025503377074871336,1120,0.15096574793580333,0.13428013704324515,0.11393490124588912,0.09227609406496116,-0.8674495614062975,0.8674495614062975,0.5399916943521594,3.105758739997917e-22,large
mfcc_8_mean_mean,acoustic,86,-10.987767058062822,-10.751522234799511,6.193860642848284,5.0930016912838,1120,-2.361658908900428,-1.343155219658248,14.38889337015268,10.26385443983159,-0.8637315491805753,0.8637315491805753,0.5676910299003322,1.005333742277661e-24,large
egemaps_loudness_sma3_amean_whole,acoustic,86,0.48139046225969123,0.45927113476584014,0.2044730099781349,0.1468982564259828,1120,0.688197092884708,0.6593784093856812,0.3029318727552891,0.2455958021082645,-0.8618255359569851,0.8618255359569851,0.43357558139534885,3.904469161890142e-14,large
mfcc_7_mean_std,acoustic,86,6.795208867081989,6.943354832112776,1.4271280317321224,1.2893896504682005,1120,5.733963787624233,5.68430420790828,1.4739177672746706,1.2300243449236936,0.8597887564324762,0.8597887564324762,0.43984634551495017,1.489387276138864e-14,large
egemaps_loudness_sma3_meanFallingSlope_mean,acoustic,86,5.373881327342531,5.204871876111287,2.314962526674326,1.67455155991996,1120,3.8772829633955164,3.636852560470465,1.9931177012227463,1.7555102841103338,0.8552393139784941,0.8552393139784941,0.3986503322259136,6.172088450488334e-12,large
mfcc_7_std_std,acoustic,86,3.1309639462912147,3.122826069395512,0.6165623816043442,0.5105528086571829,1120,2.6474557540418906,2.642290938953886,0.6998594534262543,0.5697502023041183,0.8545956544453611,0.8545956544453611,0.3985672757475083,6.3530851429788546e-12,large
ix_std_response_latency_sec,temporal,156,0.9040675389013109,0.8004667045263415,0.44049647681146775,0.6490130215759804,1115,1.8886958878873554,1.6455337758026733,1.0407240096900385,1.2069521880118643,-0.8537001341880475,0.8537001341880475,0.6305105208692652,1.7582492731532686e-52,large
mfcc_3_std_std,acoustic,86,6.859864151954866,6.872531719898943,1.2415629905176946,1.0016299292735427,1120,5.8269848702334395,5.7772907495456955,1.3695422122565422,1.2285568408602903,0.8508565945159288,0.8508565945159288,0.4451619601328904,6.645911040735404e-15,large
ix_interviewer_speech_rate_wps,temporal,156,2.6201677832143533,2.6285826113300006,0.16341379119873922,0.1277716716817551,1117,2.940633196401595,2.9142818215409316,0.324714245721041,0.4007202516642112,-0.8474922630608777,0.8474922630608777,0.6386727268553589,5.212160876579983e-54,large
egemaps_F1amplitudeLogRelF0_sma3nz_amean_std,acoustic,86,28.99828123677111,28.79289112965344,5.65316664969825,4.061234367550032,1120,34.18557232244962,34.24109426015433,6.837592043910661,6.284278868586988,-0.8429494080619925,0.8429494080619925,0.46758720930232556,1.7329254536428262e-16,large
egemaps_mfcc1_sma3_amean_whole,acoustic,86,23.019191816823206,22.246923317143946,4.163364065294161,4.073367528160995,1120,26.91161339173201,26.87178109486898,6.566752664248149,4.663186417199969,-0.841783894743787,0.841783894743787,0.46825166112956806,1.6736342830800836e-16,large
egemaps_F3frequency_sma3nz_amean_mean,acoustic,86,2771.1298991316025,2769.849618381324,54.24276984861672,45.600347939709685,1120,2671.901007485704,2695.9595844403666,116.39250429360891,122.29813859723332,0.8372117773408742,0.8372117773408742,0.5121054817275748,7.423105933148001e-20,large
mfcc_3_mean_std,acoustic,86,13.387513214960281,13.109134735703014,2.1149403698092524,1.8005249414621542,1120,11.121716290738053,10.946870095746608,3.3716554559858984,2.7653168483038657,0.8365496261742966,0.8365496261742966,0.5105897009966777,8.964914237060098e-20,large
egemaps_F2bandwidth_sma3nz_stddevNorm_std,acoustic,86,0.07091542405512509,0.07082350947537153,0.015301072763411465,0.011619271245677836,1120,0.08626846563640926,0.08531020776132923,0.022446771754263642,0.01894097227066665,-0.8290299315420008,0.8290299315420008,0.4406353820598007,1.371928627224524e-14,large
egemaps_shimmerLocaldB_sma3nz_amean_whole,acoustic,86,1.2781522029390124,1.2841657676590192,0.1270646119762049,0.096013806442595,1120,1.1881273474620742,1.1844842433929443,0.13891110675675522,0.11055112795539232,0.8214838123110114,0.8214838123110114,0.3997093023255814,5.1316549208501535e-12,large
mfcc_d3_std_std,acoustic,86,0.8810663775984447,0.8967625929688513,0.15314140415884425,0.14181977671292229,1120,0.7454364058749295,0.7359053285346294,0.1873459954759219,0.16787500071234607,0.8162139179816005,0.8162139179816005,0.47190614617940196,8.981093640856992e-17,large
egemaps_mfcc4_sma3_stddevNorm_std,acoustic,86,179.59930827748192,112.27627502656398,148.4931164664054,238.47875092049284,1120,24.6194836342312,4.058664868335708,11.911405383407944,186.99266739604712,0.8110596377033263,0.8110596377033263,0.7192691029900331,8.109602408696066e-42,large
egemaps_logRelF0-H1-A3_sma3nz_stddevNorm_whole,acoustic,86,0.6159462055316708,0.6028160131571089,0.1846509262872743,0.14426333711290443,1120,0.4286557878630075,0.4047644525766373,0.1342053290456533,0.2386986365110661,0.8028250506576932,0.8028250506576932,0.6112956810631229,6.016667977651758e-29,large
egemaps_F2amplitudeLogRelF0_sma3nz_amean_std,acoustic,86,27.411401885489905,27.226008781510476,4.651465986484389,3.8504344949650338,1120,32.19225089473269,32.26697447128687,6.778053104881096,6.09104138924524,-0.8020811499804206,0.8020811499804206,0.45224252491694356,2.233114827178477e-15,large
egemaps_F2frequency_sma3nz_amean_std,acoustic,86,111.51528335507234,100.46284690372417,53.811395332310525,44.63674728285203,1120,212.8458795683822,179.97212841679638,174.6833210462525,131.13583445009817,-0.7980216354438301,0.7980216354438301,0.44250415282392025,9.958969532247437e-15,medium
mfcc_8_mean_whole,acoustic,86,-11.261105026541133,-10.765384156781629,5.965591672405017,4.699494908756776,1120,-4.123587374922383,-2.670543449620406,12.835008546710014,9.31183134601444,-0.7874975285030021,0.7874975285030021,0.5588039867109634,6.562547967713468e-24,medium
egemaps_F3amplitudeLogRelF0_sma3nz_amean_std,acoustic,86,26.508149737576215,26.164369054512818,4.798672293228336,3.7483506816584433,1120,30.94881679914512,30.952800957699807,6.688089120831751,5.902246337544698,-0.7687345317028544,0.7687345317028544,0.4280730897009966,9.32652223173745e-14,medium
pt_speech_rate_wps,temporal,156,2.2571323859307144,2.2539558695556114,0.5141839926959451,0.3745795904875866,1120,2.628956281267787,2.60934188988253,0.4857301407937009,0.49994553341928877,-0.7644052649743474,0.7644052649743474,0.3983974358974359,4.7869002579505675e-20,medium
mfcc_3_mean_mean,acoustic,86,-8.353240796592189,-5.223281742677307,16.696491730075646,17.378250666395857,1120,-16.512506525733233,-17.016030557077748,12.674330080553467,10.085959471873096,0.7580076064496788,0.7580076064496788,0.46382890365448504,3.4591191741411477e-16,medium
mfcc_4_mean_whole,acoustic,86,13.721498722508656,14.400154333431404,7.61512712898638,6.668403238724365,1120,21.39140873574155,21.622302666040405,15.07630390470678,10.560663061207384,-0.7421954056146067,0.7421954056146067,0.40886627906976736,1.4532115902286678e-12,medium
egemaps_F0semitoneFrom27.5Hz_sma3nz_pctlrange0-2_std,acoustic,86,3.956739393798572,3.7595671297644744,1.2206733624709356,1.1298180094338701,1120,3.159182105864061,3.0057446646550776,1.2164945992866598,1.0756433749367866,0.7387818783715726,0.7387818783715726,0.37722176079734215,1.0610641028703939e-10,medium
egemaps_equivalentSoundLevel_dBp_std,acoustic,86,4.655000224001757,4.391139339623522,1.4540120338276354,1.141712537158346,1120,3.8943325400795987,3.847301817976731,1.223019665169026,1.022334035110714,0.7376418928045497,0.7376418928045497,0.32890365448504977,3.47260279187397e-08,medium
Clause per T-unit,ling,156,1.54568381204084,1.4826807453416149,0.4493592980225989,0.36076137950696474,1119,1.360289648988432,1.3569444444444443,0.20454545454545459,0.2324914994650098,0.7367722029145223,0.7367722029145223,0.32759331820994014,1.465544845204781e-13,medium
egemaps_F0semitoneFrom27.5Hz_sma3nz_stddevNorm_std,acoustic,86,0.06697114983510236,0.06507305797551435,0.019424057365423214,0.01895006753283135,1120,0.05368687820481945,0.050808067906602486,0.0206961936421739,0.017987043904095643,0.7356969692542565,0.7356969692542565,0.39337624584717606,1.2350607228452034e-11,medium
egemaps_F2frequency_sma3nz_amean_mean,acoustic,86,1708.5954051236686,1707.794359844792,50.27931425641464,45.150695453379264,1120,1649.718879830193,1657.9757156798878,84.30001698509409,82.45870531838891,0.7323420312819593,0.7323420312819593,0.4158014950166113,5.295550698057825e-13,medium
mfcc_d1_std_std,acoustic,86,2.0151249267980247,2.0049379674012804,0.3962370662511141,0.3255987870879701,1120,1.70595143047931,1.6959166443527467,0.49141984577820796,0.43042960386668694,0.7293889225743954,0.7293889225743954,0.413828903654485,7.379309881166909e-13,medium
mfcc_8_std_std,acoustic,86,2.7163150152406215,2.6854088700681684,0.47976398947446786,0.402894403837135,1120,2.3754128557358776,2.364704771000462,0.5531846778451879,0.4762410971337353,0.7231121171349989,0.7231121171349989,0.3737126245847176,1.6379072180575258e-10,medium
egemaps_logRelF0-H1-H2_sma3nz_amean_std,acoustic,86,3.8590948402960885,3.923343965853563,0.8251492548706163,0.6904789485224075,1120,4.948870199106156,4.768935608323524,1.2719077696427696,1.5539450774042267,-0.7220496073171071,0.7220496073171071,0.48986710963455155,3.94288554184896e-18,medium
egemaps_F3frequency_sma3nz_amean_std,acoustic,86,151.40892836136143,135.2792033271096,93.5485496210916,77.29315902323033,1120,306.1501198686763,254.31945636822218,306.7312840133358,222.11382203274184,-0.7193499879745526,0.7193499879745526,0.401391196013289,4.156271886144005e-12,medium
egemaps_F1bandwidth_sma3nz_amean_std,acoustic,86,97.43110141079615,88.19307002037823,42.55115905294146,34.90204289406469,1120,172.04807885596776,147.78540861815029,142.03774481375916,107.177558007091,-0.7192664651272274,0.7192664651272274,0.4150332225913621,5.954164729151042e-13,medium
egemaps_hammarbergIndexV_sma3nz_stddevNorm_std,acoustic,86,0.3374640645452628,0.19312657216545798,0.23624497559497262,0.5297155074590173,1120,0.12244969170544451,0.0918619446302725,0.035511935568559694,0.28587268243394737,0.6948126722703043,0.6948126722703043,0.5753945182724252,2.098164908318398e-25,medium
egemaps_spectralFlux_sma3_amean_mean,acoustic,86,0.2271925889107971,0.22201468050708312,0.12049036453421294,0.08568331026111846,1120,0.3732035301910318,0.34800908356741567,0.2537069698888732,0.21745654533371225,-0.6924129969928665,0.6924129969928665,0.41401578073089695,6.847422622858363e-13,medium
egemaps_F3frequency_sma3nz_amean_whole,acoustic,86,2784.414037347739,2782.5909953327923,44.047140371395926,41.011820210070375,1120,2749.227619147991,2749.7449137369795,62.98542480468723,51.75525839552998,0.6889707298672842,0.6889707298672842,0.35583471760797347,1.5092700523410795e-09,medium
egemaps_F0semitoneFrom27.5Hz_sma3nz_percentile20.0_std,acoustic,86,3.314209131187884,3.2159668652149414,1.1535628074231283,1.0752308815625191,1120,4.834040995390904,4.458922966348878,2.8001009040980165,2.308033171936043,-0.6774871403159635,0.6774871403159635,0.38536129568106314,3.5854554495472194e-11,medium
egemaps_loudness_sma3_meanRisingSlope_mean,acoustic,86,7.460884961753766,7.156327721310686,3.4714827298205098,2.5131539437958104,1120,5.730097503856296,5.4092270391671615,3.0870660625969357,2.5925742869158346,0.6690203997779969,0.6690203997779969,0.31279069767441864,1.9723189741856313e-07,medium
egemaps_F3bandwidth_sma3nz_stddevNorm_whole,acoustic,86,0.3521953127490697,0.35018885183302584,0.04274227781598244,0.029032523007793725,1120,0.32927784136560284,0.3266226154039888,0.04565641532341641,0.03470494365628346,0.6674620993856298,0.6674620993856298,0.3369601328903654,1.4052828565108286e-08,medium
egemaps_slopeV0-500_sma3nz_amean_whole,acoustic,86,0.05113998919029676,0.04891034772110461,0.013258614656572645,0.013873750388271069,1120,0.03466362497265248,0.03809047569354464,0.03920022745842289,0.02541186125189098,0.6650609052966591,0.6650609052966591,0.37844684385382055,8.895035220017401e-11,medium
egemaps_F0semitoneFrom27.5Hz_sma3nz_pctlrange0-2_whole,acoustic,86,7.230938610131991,6.889966265141442,2.376754873282426,1.7654249863956142,1120,5.815309174383607,5.415402094523111,2.1981741428375248,2.159044197972395,0.6634812011448344,0.6634812011448344,0.4023878737541528,3.5427516258029005e-12,medium
Root TTR,ling,156,7.904107469035478,8.069862950170716,4.142818489894911,2.3518921597334406,1119,6.92357220064473,6.982143994185912,1.6186905893200834,1.3186447338092613,0.6609856884075294,0.6609856884075294,0.38317178799752527,1.576854091293274e-18,medium
egemaps_slopeV0-500_sma3nz_amean_mean,acoustic,86,0.04971236850470442,0.04797419290241944,0.013493216424857686,0.013776317535995371,1120,0.03360436448901386,0.03626277576458964,0.038836898338176176,0.025005259590195787,0.6606307178285691,0.6606307178285691,0.3971553156146179,7.320502077524513e-12,medium
mfcc_9_mean_mean,acoustic,86,-6.405674560734873,-5.885206638505672,4.441238875641627,4.126691707330355,1120,-9.175504283676815,-8.990784363211674,5.0918413943321115,4.303254610960046,0.6454932806038269,0.6454932806038269,0.38430232558139527,4.2896389168469515e-11,medium
egemaps_loudness_sma3_meanFallingSlope_whole,acoustic,86,6.28761426266801,6.0916488674325,2.641033267663069,1.933088285457422,1120,4.949009229846693,4.6706849336624146,2.560318497758286,2.0877994552059893,0.6444104817207212,0.6444104817207212,0.3272632890365449,4.067344563171711e-08,medium
egemaps_spectralFlux_sma3_amean_std,acoustic,86,0.10422361703408471,0.1013212728142676,0.05092140773901338,0.035059046451198624,1120,0.15921646891103236,0.14376265584962905,0.10952833027381395,0.0880336886391601,-0.6441027137545806,0.6441027137545806,0.3791112956810631,8.1203517339807e-11,medium
mfcc_d5_std_std,acoustic,86,0.5318261762509379,0.5400941380984643,0.09520700616586408,0.08111021998905113,1120,0.4654228139155462,0.46157001954213367,0.11141703322944119,0.10505367791544583,0.6412988322861554,0.6412988322861554,0.41031976744186044,1.1920046415403025e-12,medium
Log TTR,ling,156,0.8624030116879535,0.8630554723866217,0.08227529602893902,0.05534668276313572,1119,0.8928954577567048,0.8960025309888516,0.03082972024658459,0.0465665914093345,-0.6389585867076933,0.6389585867076933,0.4207396714099127,2.173941332358724e-22,medium
egemaps_spectralFluxV_sma3nz_amean_std,acoustic,86,0.13787975745859626,0.13162238935943837,0.06480693715030272,0.045227582900938215,1120,0.20183353638840318,0.1810156563007167,0.13500052746044847,0.10552374294380683,-0.624316944048896,0.624316944048896,0.3775332225913621,9.985791087130694e-11,medium
egemaps_spectralFlux_sma3_amean_whole,acoustic,86,0.2337783644396727,0.2273021461131672,0.12335505288582665,0.08688799448483617,1120,0.3590557763301896,0.3313443213701248,0.2391005309209937,0.20775462789239804,-0.6213755514019551,0.6213755514019551,0.3746885382059801,1.4283451325143752e-10,medium
egemaps_F3bandwidth_sma3nz_amean_whole,acoustic,86,974.4058592225349,973.2121398110262,43.74612566054293,33.12545739922753,1120,999.0566478631046,1002.3724487304687,51.135854721069336,40.359251815637194,-0.6179440650851056,0.6179440650851056,0.33905730897009967,1.076346459080932e-08,medium
egemaps_logRelF0-H1-A3_sma3nz_stddevNorm_mean,acoustic,86,0.596507731377238,0.5740212855063956,0.22300091968651914,0.17879378699879558,1120,0.33593566302840466,0.3357916103415145,0.1277682013467335,0.4346461027106423,0.6178982277737798,0.6178982277737798,0.6746470099667774,4.647423493096235e-36,medium
mfcc_7_mean_mean,acoustic,86,-12.375576248107944,-13.008038852335403,6.606572852374711,5.363086557516868,1120,-16.40827584256739,-16.1847674848527,9.250576540478495,6.608447534186526,0.6177233704946075,0.6177233704946075,0.31667358803986706,1.2714457168649532e-07,medium
egemaps_loudness_sma3_pctlrange0-2_mean,acoustic,86,0.6941788151579538,0.6583379434590254,0.35184173704199007,0.23083188203479918,1120,0.5478182135832685,0.517317303146644,0.3013353268437643,0.23832755630418492,0.6154618590978995,0.6154618590978995,0.2851951827242524,3.05292787919613e-06,medium
egemaps_F3frequency_sma3nz_stddevNorm_whole,acoustic,86,0.10157141596103725,0.10118979420073906,0.011657359993184874,0.0077432673037376295,1120,0.09590328237012871,0.09481722737352052,0.011569706384431236,0.00934416338320744,0.6134179662527006,0.6134179662527006,0.3120016611295681,2.1118886922952584e-07,medium
egemaps_loudness_sma3_pctlrange0-2_whole,acoustic,86,0.7575505326784034,0.7186783029280637,0.33489740989551353,0.24231132487201656,1120,0.5888407036354453,0.5444622809688251,0.3307376829907298,0.2793831571295194,0.6092173050399843,0.6092173050399843,0.3289659468438538,3.4143118279946885e-08,medium
egemaps_mfcc2V_sma3nz_amean_std,acoustic,86,7.063150014113238,6.97228585830465,1.3973580715809542,1.1118127590505145,1120,6.219455901250566,6.1679144361391,1.744066149342344,1.4214634279445904,0.6018440307821499,0.6018440307821499,0.38104235880398674,6.28930962765247e-11,medium
egemaps_HNRdBACF_sma3nz_amean_std,acoustic,86,1.4393744076588986,1.4493272702528497,0.31287405789328515,0.28039855680757614,1120,1.685262596873734,1.6673383975539897,0.49079738245743965,0.4168038074032043,-0.6016786667232488,0.6016786667232488,0.37379568106312294,1.6010301869492833e-10,medium
Variance of response length,ling,156,4274.111180501273,352.0881247480111,4326.995813301897,12054.349561890209,1119,613.3358519752815,132.52557051175575,231.70648884093802,4814.200377361436,0.5934882679379662,0.5934882679379662,0.35691207809170267,4.509897712784455e-16,medium
Dependent clause per T-unit,ling,156,0.46294248885075145,0.4347857900318134,0.2808201996262763,0.22043856236214532,1119,0.353223459443943,0.3354385964912281,0.18532029009002693,0.18078072982207044,0.5896908518581229,0.5896908518581229,0.2872241699319447,1.7614935975588843e-10,medium
mfcc_4_std_std,acoustic,86,5.725656844977565,5.800700621042562,0.9914314274546632,0.8757321521249167,1120,5.122559413844916,5.118311194285992,1.2144631474209646,1.0436212639059,0.5840206944231724,0.5840206944231724,0.3362333887043189,1.486346514165448e-08,medium
egemaps_loudnessPeaksPerSec_whole,acoustic,86,2.2051868196549758,2.2237203552616505,0.5294396303628792,0.42179100900005106,1120,2.5557384564777363,2.5632134526968002,0.7089011706411839,0.6230127408101138,-0.5737484469931826,0.5737484469931826,0.326328903654485,4.533105320131997e-08,medium
egemaps_loudness_sma3_meanRisingSlope_whole,acoustic,86,9.133767746222922,8.719561718879863,4.067333250981008,2.7286495798467523,1120,7.4383957322733405,7.120385050773621,3.710714055432213,3.007026050823383,0.5673510220753957,0.5673510220753957,0.26179401993355483,2.5842708102916324e-05,medium
egemaps_F0semitoneFrom27.5Hz_sma3nz_percentile50.0_std,acoustic,86,3.5831816367422595,3.381000820167095,1.3011339098083181,1.1615605112040064,1120,4.928154592012593,4.416020955282923,2.9007198424364016,2.448381519164009,-0.5650039959535466,0.5650039959535466,0.33531976744186043,1.6519822117132846e-08,medium
mfcc_12_std_std,acoustic,86,1.9203528722933483,1.9045086872516899,0.35731559974310967,0.2697708310981671,1120,1.7219251596973155,1.7027460452624317,0.41029383579773193,0.3573309091466376,0.5639315347953956,0.5639315347953956,0.33189368770764116,2.4195334239939893e-08,medium
egemaps_MeanUnvoicedSegmentLength_whole,acoustic,86,0.2388548284402966,0.22480407898096033,0.07564591873964549,0.0696958301338039,1120,0.19708882908452036,0.17938545470436412,0.07237916206941009,0.07616739450800923,0.551521695081244,0.551521695081244,0.3781769102990033,9.238915733392784e-11,medium
egemaps_shimmerLocaldB_sma3nz_amean_std,acoustic,86,0.25339879806058163,0.2449649403055559,0.06619517996401722,0.05379882946745842,1120,0.31295826988599995,0.29527892101641007,0.11294155459332489,0.1111703969782251,-0.5508469694852953,0.5508469694852953,0.3335548172757475,2.0112424893434935e-08,medium
egemaps_F0semitoneFrom27.5Hz_sma3nz_amean_std,acoustic,86,3.516750617720653,3.3876301490614127,1.1828610922600955,1.0508560857376505,1120,4.802830740712123,4.3301359279218286,2.914972628290668,2.4063824945773766,-0.5504001647643978,0.5504001647643978,0.31933139534883725,9.569652343695555e-08,medium
egemaps_shimmerLocaldB_sma3nz_stddevNorm_std,acoustic,86,0.13210726784273571,0.12929612535253499,0.0279900527626942,0.0243204222938275,1120,0.15179170260791702,0.149759658624791,0.04139120759987269,0.0366583884379254,-0.5479065245496562,0.5479065245496562,0.3397840531561461,9.937515607779439e-09,medium
egemaps_mfcc3V_sma3nz_stddevNorm_std,acoustic,86,251.78230234574258,52.18924074184061,101.6821255972054,880.2665133308811,1120,37.92589279390667,7.065744335047456,13.691084717254949,327.81985176093235,0.5439276416485009,0.5439276416485009,0.6525124584717608,1.801260888807054e-33,medium
egemaps_slopeUV0-500_sma3nz_amean_std,acoustic,86,0.012617084461297697,0.01314465546860686,0.0037746881408576034,0.0028891166151349054,1120,0.0110200611441501,0.010733264698836058,0.0034281783323766336,0.0029752321110272776,0.5378569239258094,0.5378569239258094,0.3431686046511627,6.944415858628717e-09,medium
pt_std_utt_dur_sec,temporal,156,1.4814923810168228,1.366641713732562,0.769387981332641,0.6014291325866467,1120,2.2681654839274095,1.8368397093858908,1.345980951371816,1.561692737941056,-0.5320501518562095,0.5320501518562095,0.3135073260073259,1.9484425178360585e-12,medium
egemaps_alphaRatioV_sma3nz_stddevNorm_std,acoustic,86,4.077332076916421,1.2626878503506733,2.8049065530467527,12.004446758240118,1120,0.5456793349984838,0.15472395432337369,0.12390494307021113,6.088855308041145,0.528642871962633,0.528642871962633,0.6513704318936877,2.547410150955259e-33,medium
mfcc_12_mean_whole,acoustic,86,-4.245637056759888,-4.649578143274638,2.8548999160260644,2.5454332989531854,1120,-6.303690151303643,-5.8569269975026454,5.6627573646605,4.070110962842103,0.5168816347480018,0.5168816347480018,0.28268272425249164,3.828369293205246e-06,medium
Complex T-unit ratio,ling,156,0.2763846844036382,0.27153391941391936,0.1607247941370224,0.10741530125405037,1119,0.221268702844708,0.2205128205128205,0.11838192419088456,0.10658493543073128,0.5166168207345178,0.5166168207345178,0.2581631951605142,1.571276353596965e-08,medium
egemaps_loudness_sma3_amean_std,acoustic,86,0.17378147202112942,0.1780695145899,0.0726125143454229,0.05128184140599455,1120,0.2199464674086444,0.20710524035996025,0.11211379972228386,0.09236123601090347,-0.5125011994340514,0.5125011994340514,0.29607558139534884,1.0517237805679285e-06,medium
egemaps_F2bandwidth_sma3nz_amean_mean,acoustic,86,1032.6777154986019,1032.0241791440737,45.81949586529004,39.7375839408652,1120,1063.0979532258175,1067.0567450394353,66.99253865294804,60.83707562596952,-0.5104659149129688,0.5104659149129688,0.37639119601328896,1.162747910275728e-10,medium
egemaps_logRelF0-H1-H2_sma3nz_stddevNorm_std,acoustic,86,152.57898390605155,90.16449472507489,124.50102264465407,251.6460720634702,1120,37.15772708357452,10.041898273699351,15.731025327149473,225.7357117308514,0.5069858431452454,0.5069858431452454,0.6666528239202658,4.3024892392372326e-35,medium
egemaps_alphaRatioUV_sma3nz_amean_std,acoustic,86,3.477077641019973,3.6836015182539548,0.916181335804882,0.8648183031087926,1120,3.0430807929754016,2.960763179025987,1.110590349971726,0.856035910204578,0.5066157095005585,0.5066157095005585,0.36468023255813947,5.214369282993459e-10,medium
mfcc_d4_std_std,acoustic,86,0.6373656416845148,0.6627049716665041,0.11396753472516541,0.09345638982698799,1120,0.5759529642929236,0.5726764598204703,0.1330688058515621,0.12407469872547072,0.5027022069408781,0.5027022069408781,0.36447259136212623,5.428911706442509e-10,medium
mfcc_5_mean_std,acoustic,86,8.286964854962948,8.445400574097897,2.072587919270701,1.7176035111704433,1120,7.359188085707597,7.1945381967541815,2.399688954702877,1.8703621487722726,0.4988075757664314,0.4988075757664314,0.33071013289036544,2.833937600962119e-08,small
egemaps_jitterLocal_sma3nz_amean_std,acoustic,86,0.011797213226602776,0.011185045172418345,0.003170564112202425,0.0030243710950382634,1120,0.015116118903000287,0.013885661339826813,0.0063500785446078956,0.007007754209866803,-0.4878244195289573,0.4878244195289573,0.3388496677740864,1.1127415047216294e-08,small
egemaps_slopeV500-1500_sma3nz_stddevNorm_whole,acoustic,86,-1.05754663035603,-0.9786234928259059,0.45838550083744023,0.3211662842216937,1120,-0.8138271952170284,-0.7155078917741775,0.31912987137382687,0.5113658773754096,-0.48713104389024847,0.48713104389024847,0.4390573089700997,1.649484191029154e-14,small
egemaps_loudness_sma3_percentile80.0_mean,acoustic,86,0.8014100710995463,0.7513470301077001,0.3784511879133854,0.2591149687125171,1120,0.9744805918242605,0.9397995859439727,0.45090132870366917,0.3649000234747512,-0.4828202526370788,0.4828202526370788,0.2483803986710963,7.997730407557003e-05,small
egemaps_MeanVoicedSegmentLengthSec_std,acoustic,86,0.09564140896853175,0.08783280914767275,0.033996706048862374,0.030065700131547832,1120,0.11665803764063366,0.11022302865930274,0.05202854351153982,0.044584061931624515,-0.48073654909554103,0.48073654909554103,0.35207641196013284,2.446909888360792e-09,small
egemaps_alphaRatioV_sma3nz_stddevNorm_mean,acoustic,86,-0.7397180226029604,-0.6590219139468025,0.31318031056533224,0.65111789996173,1120,-0.40943203284974117,-0.35657971687544265,0.1506579389908227,0.714903935414871,-0.46480617910459315,0.46480617910459315,0.6631229235880398,1.1371470133206638e-34,small
egemaps_mfcc3_sma3_stddevNorm_std,acoustic,86,84.14632926313105,56.175145462022286,74.85519178081834,126.41709231688478,1120,23.88724733799923,5.686062894048341,12.903895743943917,131.853407791923,0.4583241693146804,0.4583241693146804,0.6810423588039867,7.829264852872525e-37,small
egemaps_mfcc4V_sma3nz_amean_std,acoustic,86,7.861939333544076,7.850370838546159,2.048810462965407,1.6833111959319842,1120,7.114652836504394,7.072041100894355,2.033195455172809,1.631809963519328,0.4569164961702227,0.4569164961702227,0.22061877076411956,0.0006812658522666217,small
mfcc_8_mean_std,acoustic,86,5.986994992398498,6.046870251745624,0.9744126212981881,0.8902438395382113,1120,5.4545274982553416,5.340491030059695,1.2905947526405015,1.1876783046234107,0.45542542048967294,0.45542542048967294,0.3149709302325581,1.5301557526951396e-07,small
egemaps_mfcc4V_sma3nz_amean_mean,acoustic,86,-8.286245484740608,-8.471393487166361,7.684262957457426,5.993918361084936,1120,-11.053149034221413,-11.415990056754339,8.0682172818261,6.108522122691252,0.45355342376463853,0.45355342376463853,0.23897425249169432,0.00016758737876456072,small
Complex nominal per T-unit,ling,156,0.7517787431409859,0.7265407024793389,0.303709573934837,0.23803997140072516,1119,0.624060304363704,0.5861881605756265,0.30285262078267594,0.2981371709610224,0.43816769980250037,0.43816769980250037,0.28801471093696296,1.548895175699568e-10,small
egemaps_F1amplitudeLogRelF0_sma3nz_amean_mean,acoustic,86,-112.88860111734674,-111.60947948409452,19.17760785456248,15.282971017420136,1120,-102.93488917927128,-101.20454630190662,31.02778550601856,23.225684326378474,-0.43740894189026347,0.43740894189026347,0.3067691029900332,3.5831749297714494e-07,small
Mean length of clause,ling,156,6.750544890992384,6.735117344456031,0.6550992439882517,0.6967114410573202,1119,7.360573671146881,7.188095238095238,1.3863897383096226,1.46906308000926,-0.43635037506522095,0.43635037506522095,0.31870832474049626,7.622892174095246e-13,small
egemaps_loudness_sma3_percentile50.0_std,acoustic,86,0.18238003819351475,0.18662722265246515,0.07388904014951955,0.05346986588644913,1120,0.225217303111476,0.21084512156057314,0.11786463038830514,0.10173378231357443,-0.4322603437476423,0.4322603437476423,0.2593853820598007,3.1212774194225105e-05,small
egemaps_F2frequency_sma3nz_amean_whole,acoustic,86,1716.7447099096557,1711.6656829114713,44.36683125771833,42.73597386289677,1120,1695.9002340163038,1695.6535619099936,59.475627644856786,48.93093461576605,0.429609932627875,0.429609932627875,0.2602367109634552,2.9073092068267694e-05,small
mfcc_10_std_std,acoustic,86,2.275797938145185,2.232708612715598,0.4162330805896115,0.4060566183996399,1120,2.0857249241343774,2.062681675514339,0.5196061681048925,0.4459888826043998,0.4287801869514531,0.4287801869514531,0.2408014950166113,0.00014522433153641657,small
mfcc_4_mean_mean,acoustic,86,18.283652298206743,18.850923515451324,7.539294983347176,6.613910956441066,1120,23.131876430978753,23.190917824978772,17.32774008517607,11.620121182939336,-0.427554287572514,0.427554287572514,0.3194975083056478,9.502086768172537e-08,small
egemaps_F1frequency_sma3nz_stddevNorm_whole,acoustic,86,0.34798402003239814,0.35275719647898396,0.04035963972718576,0.03352559118487676,1120,0.3304468684875735,0.3295132741332054,0.05887178821223121,0.0418665033001514,0.42429028476342695,0.42429028476342695,0.3050249169435216,4.2786091155359277e-07,small
egemaps_spectralFluxV_sma3nz_stddevNorm_std,acoustic,86,0.1795161252991699,0.17879993619049445,0.031315043417978417,0.03317544916152039,1120,0.16261393558481038,0.15940356686164803,0.046669843777555814,0.04075293563065805,0.4197759237401357,0.4197759237401357,0.30768272425249166,3.2591241604003196e-07,small
egemaps_alphaRatioUV_sma3nz_amean_mean,acoustic,86,-9.050163887471273,-9.027833722778809,3.3630209923978596,2.4135792065529103,1120,-10.198568665600902,-10.07013354832884,3.8963090642369966,2.775174549511676,0.41741864501220516,0.41741864501220516,0.21754568106312291,0.0008397525413893284,small
egemaps_loudness_sma3_stddevFallingSlope_whole,acoustic,86,4.858676388161826,4.802420574785348,1.831555998001975,1.3216837356809086,1120,4.174067384855773,4.016517434801374,2.122847794422082,1.6777718199375107,0.4136240602382176,0.4136240602382176,0.2577242524916943,3.594485952752218e-05,small
egemaps_mfcc2V_sma3nz_stddevNorm_whole,acoustic,86,224.70127053828702,-0.35623391469319665,5.544410808448558,2064.7935796428605,1120,-3.8757083183784053,-0.9583302408456802,4.712492023905119,71.95838955375481,0.4133473228437765,0.4133473228437765,0.13100083056478395,0.11718297500269889,small
egemaps_mfcc2_sma3_amean_mean,acoustic,86,1.0114936137175954,2.458650781593993,6.816829421122467,7.663248723003853,1120,-0.9818300873949948,-0.992837956422096,5.607892503574572,4.540875173060308,0.41286596782335344,0.41286596782335344,0.3718023255813953,2.148180624903486e-10,small
egemaps_mfcc4_sma3_stddevNorm_whole,acoustic,86,-494.66437830944784,-2.600460864150826,5.529179221284224,4574.3327561581345,1120,-3.274790791132023,-1.077403581568173,1.1657457590103149,43.205272095494365,-0.4040611547022251,0.4040611547022251,0.3582433554817276,1.1675765651024415e-09,small
egemaps_F2amplitudeLogRelF0_sma3nz_amean_mean,acoustic,86,-112.8445749581115,-111.33881232461215,19.05396791930066,15.286942499852694,1120,-104.17989765022512,-102.08620333668648,30.726828865313422,22.46321521532314,-0.39325196524876554,0.39325196524876554,0.28168604651162793,4.224020206032241e-06,small
egemaps_jitterLocal_sma3nz_stddevNorm_std,acoustic,86,0.4443974588911282,0.449362857093074,0.07037249978438531,0.052720426408653126,1120,0.4803367386964526,0.48263804253723375,0.1094297807911419,0.09517835109933397,-0.387192203615069,0.387192203615069,0.2961378737541528,1.0457118961368716e-06,small
egemaps_mfcc4V_sma3nz_amean_whole,acoustic,86,-8.687613928366051,-9.303310919117617,7.658182613625913,6.0369969461551145,1120,-11.15912358189995,-11.724843955039978,8.500668690672942,6.416342196928011,0.3867595658710821,0.3867595658710821,0.24615863787375414,9.439148304657926e-05,small
Verb phrase per T-unit,ling,156,1.679518722011518,1.6503347869674188,0.6601292690219385,0.5074163713636508,1119,1.8396089703384735,1.794585551611949,0.3708994708994706,0.4071129242564067,-0.38061744598950864,0.38061744598950864,0.24838454664191928,6.358565263458757e-08,small
mfcc_d7_std_std,acoustic,86,0.38416781184033305,0.3925144538179939,0.07040352696448576,0.05917506436000841,1120,0.35513508653806847,0.35014102260522995,0.08906241163155942,0.07776944475114246,0.3789928903496296,0.3789928903496296,0.2958679401993355,1.0936074897304378e-06,small
mfcc_10_mean_mean,acoustic,86,-4.617067247154005,-4.09788419525591,4.586405030676401,3.3048972693326473,1120,-2.495884639928066,-1.9295617447012545,7.842196140097782,5.868079098024384,-0.37051887878266326,0.37051887878266326,0.32300664451827243,6.466707744944445e-08,small
mfcc_12_mean_mean,acoustic,86,-3.875464770773728,-4.2111988973904655,3.3175517300868367,2.790587794482302,1120,-5.535297981641967,-5.232378781519921,6.694199648420081,4.59165461573993,0.3698152637234097,0.3698152637234097,0.26590531561461794,1.781969979051105e-05,small
egemaps_spectralFluxV_sma3nz_amean_mean,acoustic,86,0.35159930172607157,0.3332654647103151,0.186475655880452,0.11620403393740084,1120,0.4413937321530211,0.4165276674877363,0.29274309100777934,0.2502118626617946,-0.36924177544689313,0.36924177544689313,0.2758305647840531,7.3638404310533905e-06,small
egemaps_F0semitoneFrom27.5Hz_sma3nz_percentile80.0_mean,acoustic,86,34.82979573474198,35.00068932597347,3.457464693499574,2.4702879948180936,1120,33.56091061583577,33.74324741058929,4.555468302079319,3.5025528956051537,0.36887752450332495,0.36887752450332495,0.19341777408637872,0.004276468301625457,small
egemaps_F3amplitudeLogRelF0_sma3nz_amean_mean,acoustic,86,-115.47959052816856,-114.29135951994462,19.13197115784206,14.789693166144115,1120,-107.69867925638765,-105.51511589283331,29.329266347581182,21.549944831168258,-0.3680011537982412,0.3680011537982412,0.2818936877076412,4.134410086789434e-06,small
egemaps_mfcc1V_sma3nz_amean_mean,acoustic,86,32.421580249552676,31.42978330016992,6.8731200347341534,5.1983555213787405,1120,30.711444069922045,30.821081742035958,6.284579125772655,4.699011132557948,0.3610935977211621,0.3610935977211621,0.13602574750830565,0.09418910494517806,small
mfcc_13_std_std,acoustic,86,1.7459336139642219,1.753536962870648,0.3276685907005501,0.30642065263379203,1120,1.621103415298818,1.601236220376013,0.4166471319204137,0.3511288959569363,0.35854160882834996,0.35854160882834996,0.2522425249169435,5.712935843844014e-05,small
egemaps_loudness_sma3_stddevRisingSlope_whole,acoustic,86,6.462970546843021,6.5627475479992095,2.2041495122933004,1.7442549423519325,1120,5.7093336294842025,5.527820484978812,2.559832473595937,2.1408698749207833,0.3562771695592023,0.3562771695592023,0.21073504983388702,0.0013707021298273489,small
egemaps_spectralFluxV_sma3nz_amean_whole,acoustic,86,0.3621807366980371,0.34963684599424283,0.1833529498680304,0.11737438444720007,1120,0.4470305501278711,0.42010941356420517,0.2908549983763978,0.24559493698955956,-0.3552994307299346,0.3552994307299346,0.251515780730897,6.074654075996608e-05,small
egemaps_logRelF0-H1-A3_sma3nz_stddevNorm_std,acoustic,86,1.2860134129567804,0.6300254003079777,0.8489047681458955,2.1866376184952574,1120,0.46689811626879457,0.16781625253288218,0.14749437453637587,2.3430808927697457,0.35119281141478564,0.35119281141478564,0.5648878737541527,2.0025899541948936e-24,small
mfcc_10_mean_std,acoustic,86,4.439852503226016,4.600955509983573,1.0163436668091577,0.8028048560497711,1120,4.802303212022462,4.7788481779715815,1.2118651093015522,1.062090747284384,-0.34654544793041947,0.34654544793041947,0.20701827242524917,0.001762487204084442,small
egemaps_loudness_sma3_percentile80.0_whole,acoustic,86,0.8278093908806756,0.7854535833281535,0.34518553128467744,0.26119935517247,1120,0.956361022101803,0.9053124129772187,0.4545132398605347,0.38160264226130264,-0.3433766813149614,0.3433766813149614,0.1849252491694352,0.0072772426397653125,small
egemaps_F2frequency_sma3nz_stddevNorm_whole,acoustic,86,0.14953230913636814,0.14962361612029978,0.013248010893538165,0.009787228458861161,1120,0.144588519052294,0.14334503029073986,0.019681896881333427,0.01471113087200042,0.3428715185712491,0.3428715185712491,0.251328903654485,6.16947963683137e-05,small
egemaps_jitterLocal_sma3nz_stddevNorm_whole,acoustic,86,1.6835584869264861,1.696071824650744,0.13568376468048782,0.11716448170554745,1120,1.6052432162296901,1.611918983856837,0.27578121870756167,0.23662403008963315,0.34015663354184655,0.34015663354184655,0.3086794019933554,2.9457313779677395e-07,small
egemaps_logRelF0-H1-H2_sma3nz_amean_whole,acoustic,86,3.7665393257823325,3.6156543098348877,3.163897844776914,2.2033140578850854,1120,4.608407092554959,4.672068312350246,3.2584596313536167,2.525029448208259,-0.3362530062786676,0.3362530062786676,0.22163621262458472,0.0006304891100958235,small
egemaps_jitterLocal_sma3nz_amean_whole,acoustic,86,0.02787016411593317,0.027708469833448237,0.005135924431890471,0.004128557005035844,1120,0.025946654956974628,0.025223291207415365,0.007484361328269271,0.005861371055889022,0.3341643676679311,0.3341643676679311,0.2907599667774087,1.7699115096466871e-06,small
Measure of lexical textual diversity [mtld_ma_wrap],ling,156,48.48063666770263,49.588083821218035,10.547549966500732,9.877811191167067,1119,53.034782171993946,53.0,16.848234351337446,14.180006701913298,-0.3317305340425259,0.3317305340425259,0.23021928920052237,7.351120620021528e-07,small
egemaps_mfcc3_sma3_amean_whole,acoustic,86,8.044479637094657,8.882817714164656,4.910730739668491,3.744199397703295,1120,9.85444863386127,9.732616186141968,7.922844650978933,5.674814328376406,-0.32550172636863434,0.32550172636863434,0.24804817275747504,8.139679212377527e-05,small
Measure of textual lexical diversity,ling,156,51.124507741218565,51.62391757083527,8.4251400783429,9.21436505891462,1119,56.21468720982587,55.14149943091026,16.83672174379312,16.342249877627175,-0.3252734382967634,0.3252734382967634,0.23664673128480107,3.1588625701858674e-07,small
Dependent clause per clause,ling,156,0.2635230304943822,0.2739467495309569,0.11835308758611837,0.08399506257915135,1119,0.2349173380292622,0.23872077849632029,0.10317463325593407,0.0895097230220458,0.32193112208326025,0.32193112208326025,0.2148037396026672,5.0379148805253005e-06,small
egemaps_mfcc2_sma3_amean_whole,acoustic,86,0.8797245538790353,2.39992711853347,6.800126343928114,7.771542756683313,1120,-0.6558839637349472,-0.6425158679485321,5.651911717472655,4.563978365741845,0.3159444310964919,0.3159444310964919,0.325249169435216,5.232680030350173e-08,small
mfcc_11_std_std,acoustic,86,1.960887959224611,1.926523419259191,0.2969528890476387,0.29665854300939054,1120,1.838904249922535,1.8153767068331708,0.4318121726894799,0.39471897551998847,0.31389852307325145,0.31389852307325145,0.2396594684385382,0.00015930179613480124,small
egemaps_F1frequency_sma3nz_amean_mean,acoustic,86,660.5233818704448,649.8968203046456,64.47664406188437,49.21331299014626,1120,643.958054116071,644.2871686637029,63.897939439343986,53.25880397227361,0.31265166174446757,0.31265166174446757,0.16237541528239202,0.026124732671283707,small
egemaps_StddevVoicedSegmentLengthSec_whole,acoustic,86,0.19197930588631218,0.18559525418203787,0.05178756899944367,0.03909893257426342,1120,0.1752685436758336,0.1710130274295807,0.06214550644102873,0.0544389146967021,0.3123481556687871,0.3123481556687871,0.22755398671096344,0.00040702880982964375,small
mfcc_7_mean_whole,acoustic,86,-12.672717454166804,-13.475043006561608,5.9493226015242335,4.776962863555033,1120,-14.972705394960641,-15.084891523633685,11.510317238491204,7.682303643000715,0.3060881072747094,0.3060881072747094,0.30606312292358806,3.8743763287800637e-07,small
mfcc_12_mean_std,acoustic,86,3.7470503612029162,3.868129402373188,0.7722864757745125,0.7201487819482981,1120,4.009427722511716,3.9769682761814518,0.9544413421016511,0.8753914527042652,-0.30320521663592515,0.30320521663592515,0.1695182724252492,0.017744693491585764,small
egemaps_F1bandwidth_sma3nz_stddevNorm_std,acoustic,86,0.048763021889814205,0.04864760259918613,0.01140965362531187,0.010501913441342627,1120,0.045194281911080526,0.04401213228158313,0.013398182073199212,0.011933161718363961,0.30146994521331,0.30146994521331,0.2318936877076412,0.00029111813929162976,small
mfcc_9_std_std,acoustic,86,2.3993563304518153,2.409011541931414,0.40090007251195736,0.39084662664300945,1120,2.2652326426553957,2.2550750011173877,0.5272617002902038,0.46102330997308894,0.2938582390972636,0.2938582390972636,0.22365033222591357,0.0005390311477675099,small
egemaps_slopeUV500-1500_sma3nz_amean_std,acoustic,86,0.007400583137843914,0.007492031010629407,0.0016330154479201973,0.0013881009127255954,1120,0.006922340726975024,0.00693051350902271,0.002057780446963928,0.0016920154900422798,0.28596642041506753,0.28596642041506753,0.20494186046511628,0.002012241176658253,small
egemaps_alphaRatioV_sma3nz_amean_std,acoustic,86,3.7534295033891456,3.808321992943225,0.7956725763754453,0.7346570872772206,1120,3.486072657788573,3.3581281722466825,1.15535945250583,0.9489431267522953,0.28581268952824096,0.28581268952824096,0.2629152823920266,2.305529513484975e-05,small
egemaps_F0semitoneFrom27.5Hz_sma3nz_percentile20.0_whole,acoustic,86,28.295624191135783,28.659764402106617,3.6459210188678135,2.784692236550674,1120,29.281279961343092,29.66431951522827,4.734626170360681,3.5605241461179915,-0.2807032327954509,0.2807032327954509,0.2192898671096346,0.0007402374466527501,small
egemaps_mfcc3_sma3_amean_mean,acoustic,86,8.052112333483912,8.907379491383795,4.650131654227482,3.729784840831329,1120,9.600867535052092,9.583298741466187,7.728328322329115,5.648848035008941,-0.2797992609586581,0.2797992609586581,0.23465531561461794,0.00023652120837365558,small
egemaps_slopeUV0-500_sma3nz_amean_mean,acoustic,86,0.014165432890422804,0.009403547772391637,0.013896244150646447,0.013722553325870475,1120,0.021391741215814178,0.02305379805164864,0.03905688301530624,0.026587208507435855,-0.27912050235919883,0.27912050235919883,0.32815614617940203,3.686230951241849e-08,small
egemaps_slopeUV0-500_sma3nz_amean_whole,acoustic,86,0.012950194638217331,0.008325825773646253,0.01446056622854814,0.014175854432364689,1120,0.020076739340037186,0.02146279253065586,0.03944425858790055,0.02688087061153889,-0.27214125797655053,0.27214125797655053,0.3228197674418604,6.593754604062983e-08,small
egemaps_jitterLocal_sma3nz_amean_mean,acoustic,86,0.028497677080190045,0.028306671290085843,0.0052413802598944015,0.004463465127833196,1120,0.026916242121285093,0.02617764092718506,0.0071518869372411385,0.005913985879657292,0.27156337005637016,0.27156337005637016,0.22913205980066442,0.00035806219913525833,small
egemaps_logRelF0-H1-H2_sma3nz_amean_mean,acoustic,86,3.796389104439875,3.789377155431161,3.152468429082363,2.164398165120905,1120,4.4405325630680474,4.524607196132012,3.053238533112627,2.39203052714788,-0.27102709541022924,0.27102709541022924,0.17877906976744184,0.010466167099091175,small
egemaps_alphaRatioUV_sma3nz_amean_whole,acoustic,86,-9.218785474825044,-9.328676084671994,3.1520213243452826,2.493087206889304,1120,-9.982608471770014,-9.933472792307537,3.9416884183883667,2.8491427429038882,0.2703340496992603,0.2703340496992603,0.1451204318936877,0.06204820577185082,small
Coordinate phrase per T-unit,ling,156,0.16227392439863397,0.160035101010101,0.09801193269550444,0.07145265078502154,1119,0.1301759651402624,0.10566893424036282,0.10749299719887954,0.12584561104725342,0.26627970769855186,0.26627970769855186,0.28696638482161274,1.838542111172617e-10,small
Hypergeometric distribution D,ling,156,0.6629130470597314,0.7414263651182968,0.18265973702629967,0.18203281167399726,1119,0.7086832626837014,0.7871826498098471,0.15428913914918518,0.17269717415322444,-0.26325800070922223,0.26325800070922223,0.2742489860452326,1.3926275167331487e-09,small
egemaps_mfcc3_sma3_amean_std,acoustic,86,5.446005335599146,5.464658205115672,0.7659265056348605,0.8900189936140179,1120,5.781318303897053,5.756134000669726,1.580416635239124,1.3292200039021311,-0.2573236198802324,0.2573236198802324,0.21011212624584713,0.0014211539499748183,small
egemaps_mfcc2_sma3_stddevNorm_std,acoustic,86,165.63099688212816,100.65448064600538,152.7505850516025,235.35665160609392,1120,56.41792619978332,13.997558919370476,19.56963297885893,456.88292867550194,0.2454902909803014,0.2454902909803014,0.5699335548172757,6.702366616218665e-25,small
ix_median_response_latency_sec,temporal,156,0.5297776419971973,0.44439318181817,0.38528908828397074,0.35761546190646065,1115,0.34309631513740435,0.236666666666664,0.4918749999999994,0.8083322406745899,0.24320061107807447,0.24320061107807447,0.37050707140393235,2.579582086699557e-17,small
egemaps_mfcc4_sma3_amean_std,acoustic,86,5.698906101062123,5.81691304062354,1.2877338732326944,1.2332101294268687,1120,5.35041683817523,5.237605713200676,1.8390206697960094,1.4564797736178776,0.24169557385229593,0.24169557385229593,0.24960548172757474,7.102324845640684e-05,small
egemaps_hammarbergIndexV_sma3nz_amean_std,acoustic,86,4.510451749212077,4.481019070314478,1.0766494750567417,0.8898814830890122,1120,4.88905150053179,4.6474246155786005,1.9361048749859435,1.6109086203296579,-0.24100809014462618,0.24100809014462618,0.1766611295681063,0.011850884969667597,small
mfcc_13_mean_mean,acoustic,86,-3.947873159748785,-3.850481519086057,3.6300434395264913,2.8833526363037483,1120,-5.033011491571769,-4.403405239456061,6.603385136985443,4.617171636317682,0.24025261374234605,0.24025261374234605,0.1908014950166113,0.005049276336142696,small
mfcc_d8_std_std,acoustic,86,0.3289361965910484,0.32780105435703555,0.06162048152092037,0.05318295256022309,1120,0.3136840565742751,0.3099589614383933,0.07594138236429882,0.06445505251708859,0.23934419726972703,0.23934419726972703,0.23538205980066446,0.00022188145743813744,small
egemaps_mfcc2_sma3_amean_std,acoustic,86,5.241120995657408,5.1497129693287285,0.7709403160067714,0.8050242711887443,1120,4.951377786698752,4.8681600881479214,1.4730538795885106,1.245850967192223,0.237500948230768,0.237500948230768,0.282828073089701,3.7972664548752295e-06,small
egemaps_F1amplitudeLogRelF0_sma3nz_amean_whole,acoustic,86,-112.08609645499463,-110.94824470505404,18.77112874091611,15.106686232026329,1120,-106.74662684905167,-105.06366920471191,29.879671159275077,23.100794595622514,-0.23595417901222535,0.23595417901222535,0.2344476744186046,0.0002384395499577165,small
egemaps_F1bandwidth_sma3nz_amean_mean,acoustic,86,1324.7958780774327,1328.4830444401427,51.720193233750024,40.569926070558644,1120,1339.783074313967,1350.891425492421,64.25953405739119,65.34414778092041,-0.23450113368351638,0.23450113368351638,0.2872300664451827,2.4903880055279534e-06,small
mfcc_9_mean_whole,acoustic,86,-6.737967749978931,-6.122777644022749,4.163615574286576,4.01674616127007,1120,-7.835207401408748,-7.467249250411987,6.241744029380026,4.7597907100722425,0.23290125968867706,0.23290125968867706,0.19055232558139534,0.005122405684934956,small
egemaps_F0semitoneFrom27.5Hz_sma3nz_amean_mean,acoustic,86,32.14333008372092,32.19439400544288,3.6084889919352747,2.3963551726846326,1120,31.3761639361154,31.605727532014185,4.4915130819795515,3.435249520175931,0.22748228429038153,0.22748228429038153,0.14009551495016612,0.07838360294954909,small
egemaps_loudness_sma3_percentile80.0_std,acoustic,86,0.3015297785511965,0.3042712847786807,0.11127302271033662,0.09655506427370274,1120,0.3316935541870537,0.3190696060195036,0.16708604537088956,0.13661137156378306,-0.22480692452632536,0.22480692452632536,0.1505813953488373,0.04766937342954538,small
egemaps_equivalentSoundLevel_dBp_mean,acoustic,86,-26.26521227820932,-26.347528331291908,4.839865116981748,3.28151947884392,1120,-25.19128653356472,-24.62300576384561,6.601520316965463,4.874859546162451,-0.22467866252926105,0.22467866252926105,0.22317275747508303,0.00056509187547058,small
egemaps_HNRdBACF_sma3nz_stddevNorm_whole,acoustic,86,0.5971663899226939,0.5868926121636479,0.14448472856875627,0.1004075832866059,1120,0.5033761845463666,0.501949419081211,0.1364198020762868,0.43449082301289366,0.22345803965459615,0.22345803965459615,0.345078903654485,5.443943293330289e-09,small
egemaps_F0semitoneFrom27.5Hz_sma3nz_percentile80.0_std,acoustic,86,4.9447010675578245,4.690498035127108,1.6485782648438159,1.387549891846054,1120,5.473664314355955,4.957815478891775,2.9770394241753286,2.5540110452846507,-0.2124644164232864,0.2124644164232864,0.1907599667774087,0.005057621950830102,small
mfcc_10_mean_whole,acoustic,86,-4.882802710971984,-4.45430838078269,4.211327484160366,2.985672520891439,1120,-3.8290947853297035,-3.127858674464126,6.812836400171121,5.223671502553365,-0.206690142749818,0.206690142749818,0.2889950166112957,2.1003107092629836e-06,small
egemaps_F1amplitudeLogRelF0_sma3nz_stddevNorm_whole,acoustic,86,-0.8541620585919798,-0.8437928504628849,0.13442266352985777,0.13853708009400553,1120,-0.8968032380028725,-0.8953120484948158,0.26454101193260837,0.21727144653636532,0.20050265238145845,0.20050265238145845,0.22375415282392028,0.0005345840891403802,small
ix_mean_response_latency_sec,temporal,156,0.8045715456914755,0.6993309530612626,0.43337009720567976,0.399558881493748,1115,0.6052250786033812,0.4836728395061722,0.8659924247901204,1.0642477512269946,0.19798693924965086,0.19798693924965086,0.39332528458089,1.5882653439023306e-19,negligible
egemaps_slopeV500-1500_sma3nz_stddevNorm_std,acoustic,86,20.56627906788692,5.340886966186303,15.282338486700143,42.89989690764693,1120,5.356390313691289,0.5915796387671057,1.31838700326901,79.55464142552566,0.1961617920313364,0.1961617920313364,0.5522217607973422,2.881984440660161e-23,negligible
egemaps_F2amplitudeLogRelF0_sma3nz_amean_whole,acoustic,86,-111.63224918403424,-110.79196829114642,17.855602804781242,15.08574120439703,1120,-107.3292486979931,-105.2624766031901,29.874573707580566,22.410328708909105,-0.19582704365844286,0.19582704365844286,0.20762043189368773,0.0016783396047414941,negligible
egemaps_mfcc1V_sma3nz_amean_whole,acoustic,86,32.72222876001229,32.014281413093826,6.808324991679758,5.197070486674124,1120,31.785279916210506,31.763667975531686,6.870724980036414,4.775728305002638,0.19492615737632382,0.19492615737632382,0.10560631229235884,0.3117675108291422,negligible
egemaps_loudness_sma3_pctlrange0-2_std,acoustic,86,0.27031422649619413,0.2670491165199472,0.10404988775923263,0.08844146770672358,1120,0.2513770668642324,0.24165189892334338,0.12225250848568925,0.10239816362606519,0.18661741563788237,0.18661741563788237,0.16999584717607974,0.01723217453098251,negligible
egemaps_logRelF0-H1-A3_sma3nz_amean_mean,acoustic,86,23.433659635054106,23.356090323076376,4.652653547501451,3.5021202962236684,1120,22.720113465067527,22.928076915279192,5.105193783080068,3.8539049008501443,0.1862981714296394,0.1862981714296394,0.11683970099667775,0.20742069591459705,negligible
egemaps_loudness_sma3_meanFallingSlope_std,acoustic,86,2.290596817501071,2.2513080678378565,0.8765090974005778,0.7034345614853591,1120,2.488808766689665,2.3695298023935516,1.351074863242753,1.0868846795003035,-0.18622718157071047,0.18622718157071047,0.15778654485049837,0.0331730321704247,negligible
egemaps_HNRdBACF_sma3nz_amean_mean,acoustic,86,6.013485839707381,6.062147323299612,1.6367516082026352,1.0603973626999585,1120,5.784334697673395,5.81988921599781,1.7098706085748088,1.2616040839062845,0.1835465170811354,0.1835465170811354,0.14100913621262456,0.07517525017373236,negligible
egemaps_logRelF0-H1-H2_sma3nz_stddevNorm_whole,acoustic,86,-3.243593435108359,2.821960952490257,1.736405210068382,64.14950022106929,1120,4.097121468003221,2.052947322527568,1.8749635297466407,37.647261720269974,-0.18307339578860318,0.18307339578860318,0.22286129568106314,0.0005708505032333296,negligible
mfcc_13_mean_std,acoustic,86,3.4889528130183054,3.5592349167372763,0.8033473497239156,0.8147908719502445,1120,3.640322289481351,3.5671659450975,0.8860332208962385,0.8407397584842243,-0.18043070046730258,0.18043070046730258,0.12001661129568104,0.18390442930152956,negligible
egemaps_mfcc3V_sma3nz_amean_std,acoustic,86,8.000139828231877,7.978962580142317,1.358119536371567,1.3373491735446077,1120,7.724853826949847,7.649269367308457,1.7624899646114152,1.540630209221,0.18025927160719588,0.18025927160719588,0.15137043189368768,0.04583921533267207,negligible
mfcc_11_mean_whole,acoustic,86,-7.36821643332689,-6.781264135761649,4.900541280501769,3.984441067475313,1120,-6.549706515951777,-6.385566663140288,6.509709366161405,4.608502211546829,-0.17921312806459236,0.17921312806459236,0.1838455149501662,0.007767496891776337,negligible
egemaps_loudness_sma3_stddevRisingSlope_std,acoustic,86,2.2016191861502277,2.2814149963047727,0.7914095557107039,0.610617026611002,1120,2.056123552106103,1.9988686278130543,1.0010730219038655,0.8489204000841466,0.1743856420759959,0.1743856420759959,0.17867524916943522,0.010547142993419668,negligible
mfcc_d13_mean_mean,acoustic,86,1.1277749200435398e-05,0.00040907740236234937,0.0006504206847208609,0.002180419737767718,1120,0.00528483024355988,0.004590176271930434,0.023142857157789503,0.03167086033641046,-0.17268851113665515,0.17268851113665515,0.5267234219269102,4.2492022143776025e-21,negligible
mfcc_6_mean_std,acoustic,86,8.145121128979289,7.883297775832771,1.354796932623021,1.232524592024967,1120,7.8266612935803845,7.754277559487246,2.211223748441274,1.8913810209216535,0.17190161334103043,0.17190161334103043,0.22030730897009965,0.0006904374820546159,negligible
egemaps_F3amplitudeLogRelF0_sma3nz_stddevNorm_std,acoustic,86,0.20204432609080045,0.19380759560481003,0.04473440555092892,0.0423919072364717,1120,0.24288976202134127,0.22914412529387523,0.06259318009693102,0.24801144075572895,-0.17064306564698192,0.17064306564698192,0.3716362126245847,2.2153424418896166e-10,negligible
egemaps_F3amplitudeLogRelF0_sma3nz_amean_whole,acoustic,86,-114.29477657050532,-114.03349199130618,18.53723041149324,14.575991735754238,1120,-110.73551085616685,-109.15494537353516,28.523896492852103,21.510783125440405,-0.16871659216705204,0.16871659216705204,0.19082225913621265,0.005045461178123256,negligible
mfcc_6_std_std,acoustic,86,3.570927474270671,3.545876985744951,0.6267179883000038,0.5943160195837838,1120,3.4586269236523934,3.4835746919370494,0.8267961931485974,0.7039514667782034,0.16117129921585352,0.16117129921585352,0.12475083056478406,0.15205859115133966,negligible
mfcc_d1_mean_mean,acoustic,86,0.007568983756161399,-0.011255497202069639,0.021244843744253686,0.05067343690874724,1120,0.043484681568629634,0.049378740462754214,0.19514037227396505,0.2311720430178953,-0.16086296849596013,0.16086296849596013,0.41841777408637876,3.664190136657798e-13,negligible
egemaps_slopeV500-1500_sma3nz_amean_std,acoustic,86,0.007401192256352271,0.007491167736272061,0.0018574838880213189,0.0014433625850164878,1120,0.007661071302986808,0.007530278107883384,0.0019423284686554548,0.0017383402792839567,-0.15116482706274154,0.15116482706274154,0.09364617940199338,0.4554912851664991,negligible
mfcc_4_mean_std,acoustic,86,10.108297355381444,10.07661803615678,1.602339515188893,1.5275905758006108,1120,9.79054069745837,9.773672075250179,2.586660528519179,2.1956788582102753,0.1474291403883178,0.1474291403883178,0.19078073089700992,0.005053310071638925,negligible
egemaps_F2amplitudeLogRelF0_sma3nz_stddevNorm_whole,acoustic,86,-0.8045966870397563,-0.7895611964819724,0.12800458764771316,0.12432645727282192,1120,-0.8302001846126522,-0.835250086337328,0.22965618247787156,0.1798975805181089,0.14502191987158822,0.14502191987158822,0.19144518272425248,0.004844071998507368,negligible
egemaps_F0semitoneFrom27.5Hz_sma3nz_percentile50.0_whole,acoustic,86,31.368110868955878,31.83852855370553,3.6946193825511067,2.5926577940801776,1120,31.87445042118057,32.296311228883035,4.686564237730842,3.615991434675508,-0.14249327653642385,0.14249327653642385,0.18014950166112964,0.00965530570392397,negligible
egemaps_F2amplitudeLogRelF0_sma3nz_stddevNorm_mean,acoustic,86,-0.8060764312153236,-0.7912040182147067,0.13680062096924328,0.13297286087573543,1120,-0.8605497763582992,-0.8502756773696892,0.24350924211623393,0.3969152623719105,0.14175585558939116,0.14175585558939116,0.22715946843853813,0.0004163667945102883,negligible
pt_std_words_per_utt,temporal,156,5.286955711395299,4.916293547039983,2.3654083767171037,1.9260238940015584,1120,5.74039234125217,5.052392408032141,3.297476534455787,3.3958404336694983,-0.13940315921192578,0.13940315921192578,0.09427655677655677,0.1634365143262375,negligible
egemaps_equivalentSoundLevel_dBp_whole,acoustic,86,-24.355978396372805,-24.438672843732334,4.598734427273115,3.018091444529373,1120,-23.726053320755007,-23.161560516164762,6.347876126838454,4.614466864464452,-0.13935471924819598,0.13935471924819598,0.21152408637873754,0.0012955298567158622,negligible
egemaps_HNRdBACF_sma3nz_stddevNorm_mean,acoustic,86,0.5718079966906242,0.5730040068472764,0.14078405940968441,0.12454874360600339,1120,0.4470827745393596,0.44287280393124373,0.1394001726293349,0.9306347655819075,0.13892422375682595,0.13892422375682595,0.4951204318936877,1.635143016885007e-18,negligible
egemaps_StddevVoicedSegmentLengthSec_std,acoustic,86,0.07896121904167971,0.07566631193528561,0.02149385910757784,0.018815656970910432,1120,0.08280070842458617,0.07961239842814215,0.030556873283790892,0.029021805210314895,-0.13508976335997314,0.13508976335997314,0.15033222591362128,0.04824351028892201,negligible
mfcc_d10_std_std,acoustic,86,0.2728404688635247,0.2751127941629584,0.049552457564473074,0.041232081134216704,1120,0.2655223954874406,0.2634337029637153,0.06052707944330443,0.05536303916452382,0.13431159950340216,0.13431159950340216,0.1379152823920266,0.08657054719296112,negligible
egemaps_loudness_sma3_stddevFallingSlope_std,acoustic,86,1.6708425865647152,1.6138775764042217,0.6891937775887909,0.5503599062604568,1120,1.5779793728103577,1.49225871562022,0.8063343433282537,0.7053609814161937,0.13351003059551603,0.13351003059551603,0.1595514950166113,0.03026967173109005,negligible
mfcc_d9_mean_mean,acoustic,86,0.00023049080620792512,0.0005225677389645248,0.0010649656539525796,0.0030068088255408823,1120,0.0061361895126813325,0.00617767028268133,0.03150312352838827,0.046707333651293224,-0.13113422821549092,0.13113422821549092,0.5401162790697673,3.044878250191613e-22,negligible
egemaps_F0semitoneFrom27.5Hz_sma3nz_percentile80.0_whole,acoustic,86,35.52656280126777,35.56730030485102,3.2575575986035687,2.378899758362972,1120,35.09658913608788,35.43846130371094,4.353170519783383,3.5388865515726624,0.12392101178018763,0.12392101178018763,0.1301287375415282,0.12160074283373658,negligible
egemaps_alphaRatioV_sma3nz_amean_mean,acoustic,86,-13.853786914469461,-13.365359092331747,3.5265602447499305,2.512928410692666,1120,-13.517758533865159,-13.63174077151595,3.524091330835839,2.7430745884357606,-0.12320176966028704,0.12320176966028704,0.08181063122923593,0.6270498732872786,negligible
egemaps_hammarbergIndexV_sma3nz_amean_whole,acoustic,86,24.42270820607196,23.978734937848778,4.0194849924079215,3.0583300267273623,1120,24.85827094626126,25.061818259102957,4.875617678960165,3.642855981108641,-0.12083187866903143,0.12083187866903143,0.15195182724252487,0.04457063661628344,negligible
mfcc_d4_mean_mean,acoustic,86,0.0023842687571346585,0.0011218781420916954,0.0016315115377757415,0.0046449565199719375,1120,0.009675066134819813,0.010038876726058608,0.054482758354442044,0.06535713089869395,-0.11569030112188149,0.11569030112188149,0.44800664451827243,4.089767084646519e-15,negligible
Mean length of T-unit,ling,156,10.375217142049028,10.155192590909092,2.842070280407075,2.2215466360439127,1119,10.106669461857312,9.849802371541502,2.280302438525915,2.3863590228040104,0.1134594149448828,0.1134594149448828,0.1071870488760569,0.07932208584868022,negligible
egemaps_slopeV0-500_sma3nz_amean_std,acoustic,86,0.011660824591100998,0.01167624310545277,0.0030113810919408547,0.002346385239365362,1120,0.01199976291007961,0.011731561091758,0.003619441735433271,0.0031466544518493882,-0.10944266229843688,0.10944266229843688,0.10608388704318938,0.3061005647494406,negligible
egemaps_F0semitoneFrom27.5Hz_sma3nz_percentile20.0_mean,acoustic,86,28.85942966290057,29.247534684002662,3.500807022201389,2.503597394426531,1120,29.228415475179105,29.54010680654837,4.657514910446256,3.5090788683069167,-0.10702290560416086,0.10702290560416086,0.1478820598006645,0.05437046084563967,negligible
mfcc_d12_std_std,acoustic,86,0.23829134708645203,0.24068029942588365,0.03804901040842815,0.035454800165722854,1120,0.23302844435824974,0.23162459994449902,0.05545691950259388,0.05045919217088884,0.10621569817570137,0.10621569817570137,0.17277823920265778,0.014736456843731816,negligible
egemaps_logRelF0-H1-A3_sma3nz_amean_std,acoustic,86,5.481041918879324,5.498523245631053,1.152287641464742,1.0706051831529024,1120,5.666833705321243,5.425327020653683,1.8287958956224122,1.8116202473858734,-0.1049958255960728,0.1049958255960728,0.11951827242524915,0.1871208868797762,negligible
egemaps_MeanVoicedSegmentLengthSec_whole,acoustic,86,0.19752472638554328,0.19243072324242944,0.050919811697929834,0.038158657785957076,1120,0.19168438428754503,0.18641030229628086,0.07184966055281233,0.05748870830143695,0.10365869583185575,0.10365869583185575,0.17585132890365446,0.012426765683140745,negligible
egemaps_F2amplitudeLogRelF0_sma3nz_stddevNorm_std,acoustic,86,0.229390095511433,0.2198299619476119,0.045609957177493776,0.046905661037110254,1120,0.3489283223370258,0.2777550343919676,0.0849848266182423,1.2440436135912027,-0.09966575382353746,0.09966575382353746,0.4817068106312293,1.713545555794053e-17,negligible
egemaps_mfcc2V_sma3nz_amean_mean,acoustic,86,-0.9273255958649805,0.5529699263426074,9.33008886300761,8.196915112889693,1120,-1.4662024889584953,-1.3640895573688687,6.526468403156214,5.282032631659399,0.09729868175248992,0.09729868175248992,0.1803986710963455,0.009539262439313734,negligible
Coordinate phrase per clause,ling,156,0.10184622014273872,0.10437707509881423,0.04290215991061988,0.03537037803627929,1119,0.09366483372367619,0.07756410256410257,0.07763853866219592,0.09027439942769411,0.09569350697508906,0.09569350697508906,0.28619302949061665,2.086500402431117e-10,negligible
egemaps_logRelF0-H1-H2_sma3nz_stddevNorm_mean,acoustic,86,3.309934108675926,1.532920421952899,3.824056841490476,13.84744590390853,1120,-1.047265321082228,0.9765245557935671,2.444609982008465,47.08863382361856,0.09566823968408296,0.09566823968408296,0.21939368770764112,0.0007369114680384987,negligible
egemaps_mfcc2V_sma3nz_stddevNorm_mean,acoustic,86,-0.8014501792188344,-0.9170413423087029,3.4842844548066756,10.97503078060774,1120,1.4191693766081341,-0.0858985637531593,2.5843852875050226,23.96759503131202,-0.09534908160050476,0.09534908160050476,0.2097591362126246,0.00146433986869423,negligible
egemaps_hammarbergIndexUV_sma3nz_amean_mean,acoustic,86,18.719480185867916,18.922331959150952,3.9464980403126333,2.9339000910543183,1120,19.06857467067271,18.828275549979438,5.247447486399238,3.7560736654123517,-0.0942474153918717,0.0942474153918717,0.13463455149501669,0.10009446008193065,negligible
egemaps_hammarbergIndexV_sma3nz_amean_mean,acoustic,86,24.345483944263865,23.92738263282519,3.9141195233657378,3.003596299136103,1120,24.01299687679846,24.250534172249786,4.66254673391138,3.5856406334254034,0.09371948009698919,0.09371948009698919,0.11420265780730895,0.22900922673643298,negligible
Complex nominal per clause,ling,156,0.4681674886206481,0.484415625,0.09734259410903501,0.08109599132011475,1119,0.4506797326482896,0.4340659340659341,0.20584117026677312,0.20613956431118213,0.08956864786223974,0.08956864786223974,0.2432460301093009,1.2954104204682377e-07,negligible
egemaps_F3amplitudeLogRelF0_sma3nz_stddevNorm_mean,acoustic,86,-0.7527016288006467,-0.7269113056897023,0.13032867063664721,0.11685178045050562,1120,-0.7667369809215369,-0.7715650864684629,0.19829342049169574,0.15956932613300742,0.08943389790498513,0.08943389790498513,0.1523671096345515,0.043638747214406776,negligible
mfcc_d12_mean_mean,acoustic,86,0.0004006041077174013,5.342798819516128e-05,0.0007679215972965364,0.001850112245751142,1120,0.0028522688211468803,0.0022544911991938567,0.02353715848469513,0.029259724269722957,-0.08690066697974229,0.08690066697974229,0.4410091362126245,1.2425723780288135e-14,negligible
egemaps_hammarbergIndexUV_sma3nz_amean_std,acoustic,86,4.22541965025185,4.415160817172557,1.003027259967177,0.9588726006119002,1120,4.122990535738394,4.026739390451402,1.5546067050377124,1.2490258280815645,0.08322240568110131,0.08322240568110131,0.21999584717607978,0.0007055796593939985,negligible
egemaps_MeanVoicedSegmentLengthSec_mean,acoustic,86,0.20680154982527038,0.20276297801413057,0.05762557031138646,0.04480872409409322,1120,0.20150212038363458,0.1962117724166954,0.08413895555659218,0.06591315237429951,0.08197152484196944,0.08197152484196944,0.19362541528239202,0.0042442653245515095,negligible
mfcc_d8_mean_mean,acoustic,86,0.0001372393060823079,0.0009058111644312618,0.0013568045404902833,0.0024823361349418935,1120,0.003190032894488883,0.002622208995861257,0.03274483876864191,0.03865144006876217,-0.0819147173868144,0.0819147173868144,0.4883928571428572,5.045323261320671e-18,negligible
egemaps_mfcc4_sma3_stddevNorm_mean,acoustic,86,-1.6045911110145852,-1.1810948767432137,4.743842461184723,13.767461811136144,1120,1.2938470816627585,-0.7527128586082523,1.0106592506865053,36.78788657910746,-0.08129417938845421,0.08129417938845421,0.2409468438538206,0.00014479930198678511,negligible
mfcc_d9_std_std,acoustic,86,0.29714500653693426,0.30551278074128074,0.052244934045054925,0.04348002016029063,1120,0.29229565207885216,0.2907292643398426,0.07086167864126802,0.06157492384980379,0.08018729743470641,0.08018729743470641,0.14941860465116275,0.05045299052488245,negligible
Mass TTR,ling,156,0.051374447020686276,0.05323627489972067,0.007513399337195484,0.0076478845081181315,1119,0.04913010755724765,0.048125489358705975,0.00903452060811346,0.030252400925019036,0.07881456141621956,0.07881456141621956,0.36981851928232623,2.955656638853699e-17,negligible
egemaps_slopeV0-500_sma3nz_stddevNorm_std,acoustic,86,4.78685168198238,1.1214439867324266,3.318243491195126,12.298135166830484,1120,10.045778682296607,0.978359779113896,5.820934884784848,69.39225044935168,-0.07851757967628867,0.07851757967628867,0.1853612956810631,0.007049501380369343,negligible
egemaps_mfcc1V_sma3nz_amean_std,acoustic,86,5.439086121177639,5.502077901995303,1.448904507918371,1.368844014189668,1120,5.2698830771148595,4.858705880568689,2.528367301997821,2.2229421838162056,0.07784165411737207,0.07784165411737207,0.2461378737541528,9.447234409686305e-05,negligible
egemaps_mfcc3V_sma3nz_amean_whole,acoustic,86,7.955371296462788,8.798464539657486,7.174180365054846,5.050022253323212,1120,8.37650032320737,8.357207298278809,7.550220315903426,5.88375999354777,-0.07224952845379842,0.07224952845379842,0.09190199335548166,0.4792667878108284,negligible
mfcc_9_mean_std,acoustic,86,4.715065558481067,4.8629042787808725,0.8229935791814436,0.7442356839552273,1120,4.789818056939617,4.748369604512322,1.2913596136083765,1.0957199314417203,-0.06955766514889788,0.06955766514889788,0.18029485049833882,0.009596133052681817,negligible
egemaps_F1amplitudeLogRelF0_sma3nz_stddevNorm_mean,acoustic,86,-0.8746361801547056,-0.8637008569435177,0.1604485556599924,0.15396968255930163,1120,-1.0388795903177312,-0.956689700483213,0.3210227521068494,2.450144652990204,0.0695231275624867,0.0695231275624867,0.3057724252491694,4.006583549910622e-07,negligible
mfcc_11_mean_std,acoustic,86,4.043604076672893,4.002887791287941,0.7140718449478132,0.6071001440175778,1120,4.104351188342802,4.049108955345588,1.0309218853172597,0.9122943881822115,-0.06793669959823577,0.06793669959823577,0.12205149501661128,0.1695180047222098,negligible
egemaps_mfcc3_sma3_stddevNorm_mean,acoustic,86,1.3154649848568833,1.6615321396944833,2.510104515998342,5.763029007746464,1120,-0.2200518257454191,0.8414101932860822,1.3151873074961078,23.430454558231755,0.06782291565263289,0.06782291565263289,0.3538413621262458,1.9849644014955375e-09,negligible
egemaps_slopeV500-1500_sma3nz_amean_whole,acoustic,86,-0.020274719894565783,-0.01986203967101427,0.00797815437581315,0.004889386076729272,1120,-0.01991525072987272,-0.020260440185666084,0.007598100276663897,0.005358056290822467,-0.06748918877917516,0.06748918877917516,0.07767857142857149,0.6887888420788909,negligible
egemaps_F3amplitudeLogRelF0_sma3nz_stddevNorm_whole,acoustic,86,-0.7577152249945467,-0.7395587966107485,0.12300776487680665,0.11076930652277396,1120,-0.7673135490212503,-0.772976880868276,0.1955245171984037,0.15370056474338434,0.06353540126616797,0.06353540126616797,0.1353405315614618,0.09710458481611851,negligible
egemaps_F1amplitudeLogRelF0_sma3nz_stddevNorm_std,acoustic,86,0.29511790133001586,0.2736126063901867,0.06810768862765781,0.08358960355044862,1120,1.1479428526550692,0.4020697709842324,0.20802805020922488,14.537147287373156,-0.060852491213864414,0.060852491213864414,0.5846137873754154,2.5810342447443592e-26,negligible
egemaps_mfcc3_sma3_stddevNorm_whole,acoustic,86,-2.763317410836266,1.9686705040573336,1.205822631668974,49.327302422604255,1120,2.147436286457836,1.2125959793726602,1.4582359548658133,82.6241194157034,-0.06083292156139027,0.06083292156139027,0.41673588039867104,4.622316772744878e-13,negligible
sm_content_freq,semantic,156,5.379513709227224,5.383714105992011,0.10225176514838097,0.0853535823896802,1117,5.38708467892361,5.396126194067371,0.1615735659063855,0.13821598165924967,-0.05696745485405244,0.05696745485405244,0.15909716961641762,0.0016964198451067522,negligible
mfcc_d13_std_std,acoustic,86,0.21778736525696973,0.22326831472078593,0.04010783287177555,0.03240949792318665,1120,0.22046543594084878,0.2179091676523457,0.05637468238029897,0.050416355883561345,-0.054254696418880796,0.054254696418880796,0.13193521594684388,0.112558739204527,negligible
mfcc_d11_mean_mean,acoustic,86,-0.000601949727359749,0.0002943725457130956,0.0008618897726605408,0.0030717960988199686,1120,0.0008263821467256663,0.0010554491554855268,0.02529845298038295,0.0280394032403533,-0.052815413704093636,0.052815413704093636,0.454422757475083,1.5043155620725164e-15,negligible
mfcc_d7_mean_whole,acoustic,86,-0.0002736469274362083,1.4604400123716216e-05,0.00010069621729508663,0.0018154421906711425,1120,0.000521475729299625,-5.8064724726136774e-05,0.0031779057705664726,0.015762019003208592,-0.05230001021201376,0.05230001021201376,0.4177740863787376,4.0399186059411826e-13,negligible
egemaps_F0semitoneFrom27.5Hz_sma3nz_amean_whole,acoustic,86,32.37014527463017,32.58384894065454,3.2676172555904515,2.3909544855125713,1120,32.20946790933788,32.571307341257736,4.209394693374634,3.2444859494030847,0.05034185168967579,0.05034185168967579,0.09634551495016619,0.41994920107688904,negligible
mfcc_d2_mean_mean,acoustic,86,0.0011122778777201989,0.0002135624965000612,0.0038053414124867542,0.008402739289178241,1120,0.005576912595005175,0.0069476688612054634,0.0795600671793752,0.096639203293219,-0.0479077885149831,0.0479077885149831,0.43027408637873754,6.371704501711943e-14,negligible
mfcc_d10_mean_mean,acoustic,86,-0.0006863431552990227,0.00013118244779569333,0.001329441362239166,0.0031808679940671923,1120,0.0006860377934651367,0.00036507052531930997,0.02705014577136689,0.03164201177113987,-0.04497199650443403,0.04497199650443403,0.4508720930232558,2.6614032210348834e-15,negligible
egemaps_loudness_sma3_meanRisingSlope_std,acoustic,86,3.0021252761227823,2.955262734247199,1.1729356804316877,0.9262941259879119,1120,3.057731259450355,2.9560652124396496,1.60200355153387,1.271616107326853,-0.04447163105107484,0.04447163105107484,0.12117940199335553,0.17544788910607284,negligible
egemaps_hammarbergIndexUV_sma3nz_amean_whole,acoustic,86,18.963243938142536,19.1103884702284,3.902249278307462,3.0622947644336067,1120,18.798795242409692,18.588647970131465,5.128683696190517,3.8430581692938306,0.043353395243484666,0.043353395243484666,0.10122508305647837,0.3609638913998255,negligible
mfcc_13_mean_whole,acoustic,86,-3.841562886766491,-3.582173314318061,3.314295056880872,2.5924889976640078,1120,-4.049939925559371,-3.3975178500016527,7.407166060237658,5.049236433417693,0.04238546570481919,0.04238546570481919,0.19715531561461785,0.0033822323392764483,negligible
egemaps_F1frequency_sma3nz_amean_whole,acoustic,86,663.1364225037162,652.8770922267131,56.69742786508289,48.331520146093155,1120,661.1201473748764,659.0524393717449,58.93885339475139,48.55518690381618,0.041538912114161476,0.041538912114161476,0.08938953488372092,0.5151351482871932,negligible
egemaps_alphaRatioV_sma3nz_amean_whole,acoustic,86,-13.880551536454684,-13.372582189329378,3.632700882342613,2.5618671638131696,1120,-13.99519656535773,-14.09322234203941,3.7989872168092162,2.8550138132950016,0.04043470285680308,0.04043470285680308,0.11964285714285716,0.1862716781057781,negligible
egemaps_slopeV500-1500_sma3nz_amean_mean,acoustic,86,-0.019776366676942426,-0.019350182149903063,0.007531502633913761,0.00484286077821192,1120,-0.019573892833059072,-0.01990338368660379,0.0076814852965336015,0.005333834519991394,-0.03819781998915399,0.03819781998915399,0.08226744186046508,0.6202034027962148,negligible
mfcc_d12_mean_whole,acoustic,86,0.000173505126470698,1.3058178493077789e-06,4.2024285842313363e-05,0.0009098047268637513,1120,-0.0003924537476360961,9.944285314607745e-05,0.0022838641846528256,0.015936635109148126,0.03683262686664059,0.03683262686664059,0.38459302325581396,3.9405746690933163e-11,negligible
mfcc_d6_mean_mean,acoustic,86,-0.00048570161672836505,0.0009669812650500116,0.001502987572489663,0.005230294241520207,1120,-0.0023011445923625967,-0.001624685251237653,0.04363614245536193,0.05276457371083769,0.03567601730194813,0.03567601730194813,0.4142441860465116,6.767573772949668e-13,negligible
mfcc_d3_mean_mean,acoustic,86,-0.002870092328023361,-0.00039809065438612843,0.002709944115101637,0.011991306648068913,1120,-0.005475406915228537,-0.004332176355723435,0.06913251687511007,0.08101806486874424,0.03332847704008934,0.03332847704008934,0.37938122923588047,7.921301923813343e-11,negligible
mfcc_d11_std_std,acoustic,86,0.2461222441518672,0.25067422825960906,0.03725784958333472,0.032528216386096535,1120,0.24781152096907216,0.2463610938396572,0.05550367434898282,0.05227357127907248,-0.03303862353262059,0.03303862353262059,0.12288205980066447,0.1640723527742869,negligible
egemaps_mfcc3V_sma3nz_stddevNorm_mean,acoustic,86,2.4138271738439645,1.1299283470264267,2.2434149252596916,49.87312750535522,1120,0.422665428515693,0.7543334601180893,1.7217027427678482,62.26008346776061,0.03239371278390712,0.03239371278390712,0.17601744186046508,0.012298679966108119,negligible
mfcc_d4_mean_whole,acoustic,86,0.0004438384875212847,5.758687482700493e-05,7.241738445349654e-05,0.0018278058061892597,1120,-0.0006047108806354242,0.00012399754632497206,0.005297965006320737,0.03737874006946155,0.029095309855684322,0.029095309855684322,0.4177740863787375,4.0399186059411826e-13,negligible
mfcc_d8_mean_whole,acoustic,86,-0.00024987412065037595,6.587460045317452e-06,7.093991710511191e-05,0.000974524940389776,1120,0.00034361386033271435,0.00023728033829684136,0.0029512410974348313,0.02117857916395872,-0.02906553931142915,0.02906553931142915,0.4972799003322259,1.0340188795619109e-18,negligible
egemaps_mfcc2V_sma3nz_amean_whole,acoustic,86,-1.260666198006416,0.1786784537011668,9.58144650143555,8.31473232726939,1120,-1.4236861651742536,-1.3664519091447196,7.087626501917839,5.573459108339224,0.02806054824002613,0.02806054824002613,0.149750830564784,0.0496556765250997,negligible
egemaps_mfcc3V_sma3nz_stddevNorm_whole,acoustic,86,2.533223027668746,2.4415024124025333,1.9337493491441635,9.117090077796846,1120,0.6864196870202709,1.4383295997977257,1.906272791039485,68.29054643561538,0.02803267044287654,0.02803267044287654,0.32647425249169437,4.4059976988683357e-08,negligible
mfcc_d13_mean_whole,acoustic,86,-4.76724275511989e-05,3.422514389148919e-06,3.8393467721759973e-05,0.0008826763809365533,1120,0.00043552058632421173,0.00023495561568283432,0.002257881244076998,0.018042344616297327,-0.027777067749111026,0.027777067749111026,0.4605274086378738,5.491134472977485e-16,negligible
egemaps_mfcc4V_sma3nz_stddevNorm_whole,acoustic,86,-1.2373589120165072,-1.6696508312933434,1.9031565062350309,21.598286633384998,1120,-6.3404043226043125,-1.0013540950086381,0.9684943966567516,193.70498017606127,0.027313784228801125,0.027313784228801125,0.373546511627907,1.7335615224081744e-10,negligible
mfcc_d9_mean_whole,acoustic,86,-5.8979082081898975e-05,-1.8677666833945203e-05,5.1110706939330605e-05,0.0008275525138975195,1120,0.0006217747980197311,0.00010367300828442066,0.0028123419177083614,0.026191490810385208,-0.02695948800903197,0.02695948800903197,0.395328073089701,9.357141609278199e-12,negligible
mfcc_11_mean_mean,acoustic,86,-7.744179643078431,-6.903123979319526,5.3015762518990845,4.337962321954778,1120,-7.640403221969617,-7.312486867150491,5.49473820433882,4.022487375944893,-0.025651888971528893,0.025651888971528893,0.0781146179401993,0.6832424247073411,negligible
Mean segmental TTR,ling,156,0.7611774458869565,0.7527274876735521,0.0333575258890666,0.03650558271860451,1119,0.7622888707912208,0.7600000000000001,0.04681939961716386,0.04897265171027403,-0.023334818411895112,0.023334818411895112,0.12894411218808,0.019012143714716684,negligible
mfcc_d3_mean_whole,acoustic,86,-0.0008862599013640433,8.301416310984539e-06,0.0001520598670719311,0.004572637378550479,1120,-0.0017986396534365652,-0.0006986289226915687,0.006151383434068218,0.04431875392389618,0.021345718505165447,0.021345718505165447,0.380045681063123,7.15544248608201e-11,negligible
egemaps_mfcc2_sma3_stddevNorm_mean,acoustic,86,0.31701503295880507,1.2110838766294707,4.565720230750532,17.50821283089669,1120,1.9499941096884632,-0.009857945457870514,3.4752167377019134,82.1577738012579,-0.02058175311750673,0.02058175311750673,0.1982558139534883,0.003160210786308684,negligible
mfcc_d11_mean_whole,acoustic,86,-0.0003323332556623904,-7.465622508255727e-06,5.7971259995532466e-05,0.0013002718114095524,1120,-6.375540175802333e-07,0.00011179547390127435,0.002418646474065359,0.017456557957985657,-0.019705521510675342,0.019705521510675342,0.4704734219269103,1.0782637619714125e-16,negligible
mfcc_d2_mean_whole,acoustic,86,0.0006402686345860707,0.00010094997886146893,0.0002726007460832125,0.003108478522127265,1120,-0.00027137366507711376,-0.00012443779390499304,0.008116661821259186,0.048383952446829116,0.019541291067136923,0.019541291067136923,0.4034260797342193,3.0857332374110053e-12,negligible
egemaps_slopeV0-500_sma3nz_stddevNorm_whole,acoustic,86,0.5955067015011903,0.5810977506556048,0.22846951955247807,0.215362252891996,1120,0.1300444519543342,0.37680848936239875,0.5493068967014552,25.040432107215697,0.019281447101147726,0.019281447101147726,0.37539451827242526,1.354605893801802e-10,negligible
mfcc_d6_mean_whole,acoustic,86,-0.0005691946304387726,-7.509306643712525e-06,8.386248505116432e-05,0.002620880509157594,1120,2.4242155219066434e-05,-0.00026381037605460733,0.00415840778684166,0.03388512360833185,-0.018162052813465057,0.018162052813465057,0.36600913621262454,4.357944550295376e-10,negligible
mfcc_d5_mean_mean,acoustic,86,-0.00038475765248049547,0.0010154435970688264,0.0015531332546846527,0.005411401074734233,1120,0.0003887627124662078,0.00031186814847250976,0.04151609673366839,0.04572742071771235,-0.01753728545853243,0.01753728545853243,0.42051495016611296,2.73416164092518e-13,negligible
egemaps_mfcc2_sma3_stddevNorm_whole,acoustic,86,-0.4718958196556089,2.0219732852364833,6.24288503015352,19.78837926092246,1120,0.3380510484933758,-0.6263405680656433,5.383461117744446,48.47091623681224,-0.017224300414551443,0.017224300414551443,0.23853820598006648,0.0001761454384605299,negligible
egemaps_slopeV500-1500_sma3nz_stddevNorm_mean,acoustic,86,-1.026645892261641,-0.8761457235928126,0.6146451453900507,2.5924138717051974,1120,-0.868112477889367,-0.5846094855957471,0.3163316812801943,9.808689577055738,-0.016720869753114084,0.016720869753114084,0.45955149501661124,6.48102635292545e-16,negligible
mfcc_d1_mean_whole,acoustic,86,0.00400317679631281,0.00017553577842944194,0.0006151538666697964,0.014487910487329931,1120,0.006066058663936388,0.0024822606780314045,0.02251412227612621,0.17278023552613653,-0.012381194679349207,0.012381194679349207,0.3684800664451827,3.1355421162969657e-10,negligible
mfcc_d6_std_std,acoustic,86,0.4374608697561598,0.43201162978819296,0.0787107418441757,0.07210192071234627,1120,0.4386334058275102,0.4358052655155066,0.11158093803809199,0.09643097634919491,-0.012353122130834322,0.012353122130834322,0.12394102990033223,0.1570528434658717,negligible
egemaps_mfcc4V_sma3nz_stddevNorm_mean,acoustic,86,-0.9294717639361527,-0.9354183726861363,1.9732833509598369,8.836737308604315,1120,-0.825279606736991,-0.6481174617931837,0.827764912101894,12.208245825564026,-0.008681712117781216,0.008681712117781216,0.20512873754152824,0.0019945704583132677,negligible
egemaps_HNRdBACF_sma3nz_amean_whole,acoustic,86,6.148794673477883,6.208381453939079,1.5103136938709119,1.0376898623612039,1120,6.1559657789955855,6.188770964741707,1.6361933648586273,1.2465338259145946,-0.0058162131139963295,0.0058162131139963295,0.08565199335548174,0.5688659974683007,negligible
egemaps_slopeV0-500_sma3nz_stddevNorm_mean,acoustic,86,0.6176499486729963,0.5695664502079347,0.2831774655619594,0.6606909913390847,1120,0.7259551744910109,0.3094513027100281,0.45407643211785587,21.210388077372485,-0.005296427035941205,0.005296427035941205,0.4264950166112957,1.1092156300246634e-13,negligible
egemaps_mfcc3V_sma3nz_amean_mean,acoustic,86,8.099178762370114,8.92816938770391,6.898434838278667,5.070641103045675,1120,8.070657220373164,8.067711490627435,7.291072338467429,5.692596387580665,0.005047226358035016,0.005047226358035016,0.08309800664451822,0.6073841915454783,negligible
egemaps_F0semitoneFrom27.5Hz_sma3nz_percentile50.0_mean,acoustic,86,31.345516287737176,31.74990113813787,3.6036707543629376,2.523223917080479,1120,31.329174218191415,31.61213168630413,4.641965912392244,3.5763114035295387,0.0046527592461848245,0.0046527592461848245,0.12030730897009967,0.18153980538580092,negligible
mfcc_d7_mean_mean,acoustic,86,-0.00032779739554189487,0.0009291612329082953,0.0014867806853343184,0.004301960729795505,1120,-0.0005063049420514496,-0.0018522270054543493,0.0348561670924611,0.040525822053152215,0.00456706461578807,0.00456706461578807,0.4133928571428571,7.693046244585642e-13,negligible
Measure of lexical textual diversity [mtld_ma_bid],ling,156,39.82823981629886,44.047527443080746,18.86691737472297,13.932690420372499,1119,39.8973784047705,40.88090694989644,20.579330991733304,16.34986298200427,-0.004301002381713714,0.004301002381713714,0.09665223070048812,0.144095074103944,negligible
mfcc_d5_mean_whole,acoustic,86,-3.4123054158532434e-05,2.886257251056681e-05,7.885672068667525e-05,0.0018194569162271216,1120,9.153322294053705e-05,-2.2602483113587368e-05,0.0037416323775687488,0.03671374352604429,-0.0035498762368701554,0.0035498762368701554,0.3811254152823921,6.278168043558822e-11,negligible
egemaps_F3bandwidth_sma3nz_amean_mean,acoustic,86,969.6201107922429,970.6880296706634,47.37625863855965,35.57914463325436,1120,969.4827970281466,975.4048032364509,59.41198999037795,54.33126434490667,0.002579893178545482,0.002579893178545482,0.1293397009966778,0.1256810944868287,negligible
egemaps_HNRdBACF_sma3nz_stddevNorm_std,acoustic,86,0.6229164342311869,0.31291618405691124,0.4902811331382425,1.2039851739082554,1120,0.6337193977324908,0.19257990898953292,0.14203571439250864,6.288039743038177,-0.001779598171041413,0.001779598171041413,0.3202450166112957,8.677005004038825e-08,negligible
mfcc_d10_mean_whole,acoustic,86,-0.00020576921279627218,-2.349367343619019e-05,5.2987293930856975e-05,0.000606920414023326,1120,-0.00018255796760737722,8.850583556826072e-05,0.0025483929422383273,0.017921114830245697,-0.0013434227532497008,0.0013434227532497008,0.4543812292358804,1.5043873978037488e-15,negligible
egemaps_logRelF0-H1-A3_sma3nz_amean_whole,acoustic,86,23.59907118369465,23.74178264357827,4.683063350302227,3.558817420644686,1120,23.602471514416884,23.832467555999756,5.213503992557527,3.9473402189480793,-0.0008671715030339197,0.0008671715030339197,0.07931893687707639,0.6640414453405912,negligible
Moving average TT,ling,156,0.762116022560789,0.7526329913777451,0.03530336268703094,0.03694668490059707,1119,0.7621108631594223,0.7604984310382287,0.04519471085015281,0.047924750871879924,0.0001104178001714426,0.0001104178001714426,0.11388946174468956,0.05253383058465908,negligible
