feature,family,n_iconect,n_90plus,cohens_d_raw,ks_raw,sd_ratio,qq_ccc,ks_rz,ks_rz_pval,qq_pearson_r,qq_slope,note,plot
mfcc_d8_mean_whole,acoustic,86,1120,-0.0290655393114291,0.4972799003322259,0.04601465154226223,0.19667053272750729,0.16144102990033216,0.027437614680155507,0.7241156471824209,4.543112435166106,,acoustic/mfcc_d8_mean_whole.png
mfcc_d6_mean_whole,acoustic,86,1120,-0.018162052813465,0.3660091362126245,0.07734605130710392,0.19683347493532471,0.12526993355481728,0.148989762283396,0.7946291155980332,5.843057503107075,,acoustic/mfcc_d6_mean_whole.png
mfcc_d4_mean_whole,acoustic,86,1120,0.0290953098556843,0.4177740863787375,0.048899609852890095,0.20248357910524994,0.10203488372093028,0.35138910524703293,0.708301375701342,4.622378445492524,,acoustic/mfcc_d4_mean_whole.png
mfcc_d10_mean_whole,acoustic,86,1120,-0.0013434227532497,0.4543812292358804,0.03386621980676217,0.20487835027658777,0.12711794019933553,0.13810442047702529,0.7312128953988756,4.638506981697658,,acoustic/mfcc_d10_mean_whole.png
mfcc_d1_mean_whole,acoustic,86,1120,-0.0123811946793492,0.3684800664451827,0.08385166534362283,0.2441333411908994,0.12616279069767444,0.1436321640571508,0.8013658937381097,4.6991859152166775,,acoustic/mfcc_d1_mean_whole.png
mfcc_d11_mean_whole,acoustic,86,1120,-0.0197055215106753,0.4704734219269103,0.07448615096624656,0.24843660410291465,0.14682308970099667,0.0572018519330066,0.6985756241792799,3.416230713163846,,acoustic/mfcc_d11_mean_whole.png
mfcc_d3_mean_whole,acoustic,86,1120,0.0213457185051654,0.380045681063123,0.1031761268920732,0.2800165266988145,0.11279069767441863,0.24178013158164188,0.8029407460200063,4.108747096338264,,acoustic/mfcc_d3_mean_whole.png
mfcc_d13_mean_whole,acoustic,86,1120,-0.027777067749111,0.4605274086378738,0.04892248760946776,0.3189686406603153,0.09485049833887044,0.4403541352355281,0.8287676956897021,4.065498384719856,,acoustic/mfcc_d13_mean_whole.png
mfcc_d12_mean_whole,acoustic,86,1120,0.0368326268666405,0.3845930232558139,0.057088884863875373,0.35126769974534183,0.09127906976744182,0.48892007385366687,0.7549361866106536,2.92884061171081,,acoustic/mfcc_d12_mean_whole.png
mfcc_d5_mean_whole,acoustic,86,1120,-0.0035498762368701,0.3811254152823921,0.04955792413095713,0.38833672907111305,0.06893687707641195,0.8156139911538142,0.7663255696275694,2.751436692684522,,acoustic/mfcc_d5_mean_whole.png
mfcc_d2_mean_whole,acoustic,86,1120,0.0195412910671369,0.4034260797342193,0.06424606434423243,0.3888890450743772,0.08947259136212615,0.5143243210610826,0.7883377799403287,2.8533696749862387,,acoustic/mfcc_d2_mean_whole.png
mfcc_d7_mean_whole,acoustic,86,1120,-0.0523000102120137,0.4177740863787376,0.11517827698986928,0.39550528114345646,0.12657807308970104,0.14105779713768904,0.749888471765549,2.391879267600655,,acoustic/mfcc_d7_mean_whole.png
mfcc_d3_mean_mean,acoustic,86,1120,0.0333284770400893,0.3793812292358804,0.14800781365854382,0.41540127791320897,0.12522840531561463,0.1492196322246101,0.7689183939436333,2.43299773409651,,acoustic/mfcc_d3_mean_mean.png
mfcc_d9_mean_whole,acoustic,86,1120,-0.0269594880090319,0.395328073089701,0.031596235582336006,0.42835833233847714,0.09038621262458471,0.5014496027622296,0.9168013023239293,3.693708416008843,,acoustic/mfcc_d9_mean_whole.png
mfcc_d11_mean_mean,acoustic,86,1120,-0.0528154137040936,0.454422757475083,0.10955283436272104,0.474878501028421,0.1502906976744186,0.048347847567183196,0.813637904715068,2.2288137263878345,,acoustic/mfcc_d11_mean_mean.png
mfcc_d6_mean_mean,acoustic,86,1120,0.0356760173019481,0.4142441860465116,0.0991251112950036,0.4752068780240944,0.14671926910299005,0.057491254461530014,0.8120725588562469,2.3119414600158525,,acoustic/mfcc_d6_mean_mean.png
mfcc_d4_mean_mean,acoustic,86,1120,-0.1156903011218814,0.4480066445182724,0.07107038598698277,0.5076632385425884,0.1064576411960132,0.3027018526479925,0.785348624051209,2.02983950363176,,acoustic/mfcc_d4_mean_mean.png
mfcc_d1_mean_mean,acoustic,86,1120,-0.1608629684959601,0.4184177740863787,0.21920227137857043,0.5264413127061786,0.16683970099667772,0.020555129541780414,0.806125053894428,1.8350445941806781,,acoustic/mfcc_d1_mean_mean.png
egemaps_slopeV0-500_sma3nz_stddevNorm_whole,acoustic,86,1120,0.0192814471011477,0.3753945182724252,0.0086005805319125,0.5805367567292341,0.19910714285714284,0.00299024964015927,0.933724060590569,0.328499582139364,,acoustic/egemaps_slopev0_500_sma3nz_stddevnorm_whole.png
mfcc_d7_mean_mean,acoustic,86,1120,0.004567064615788,0.4133928571428571,0.10615357102820043,0.6256578020919539,0.14584717607973421,0.059934891439837976,0.8545964694601532,1.7716874958003235,,acoustic/mfcc_d7_mean_mean.png
mfcc_d8_mean_mean,acoustic,86,1120,-0.0819147173868144,0.4883928571428572,0.06422363902937993,0.6565459239767982,0.11453488372093024,0.22662231293595356,0.8399491734200262,1.5736542819784831,,acoustic/mfcc_d8_mean_mean.png
mfcc_d5_mean_mean,acoustic,86,1120,-0.0175372854585324,0.4205149501661129,0.11834039597685304,0.6577675707746753,0.14142441860465116,0.07375561820592379,0.886082310893929,1.7825963991684055,,acoustic/mfcc_d5_mean_mean.png
mfcc_d13_mean_mean,acoustic,86,1120,-0.1726885111366551,0.5267234219269102,0.06884624271671567,0.701658267323796,0.10924003322259136,0.27483958518617385,0.9055330974609891,1.8052704521116665,,acoustic/mfcc_d13_mean_mean.png
mfcc_d9_mean_mean,acoustic,86,1120,-0.1311342282154909,0.5401162790697673,0.06437551858534811,0.7041348535571057,0.09505813953488373,0.437818594856095,0.8750170410028358,1.6460968718705966,,acoustic/mfcc_d9_mean_mean.png
mfcc_d9_mean_std,acoustic,86,1120,-1.85621729322734,0.9642857142857144,0.23263939665195113,0.7131578256381955,0.17805232558139533,0.010890897433903585,0.8775952305447774,1.4716156777594096,,acoustic/mfcc_d9_mean_std.png
egemaps_HNRdBACF_sma3nz_stddevNorm_std,acoustic,86,1120,-0.0017795981710414,0.3202450166112957,0.19147225894067407,0.7448717656247317,0.174937707641196,0.013092307613668091,0.9451961126258897,0.4716436383594828,,acoustic/egemaps_hnrdbacf_sma3nz_stddevnorm_std.png
mfcc_d5_mean_std,acoustic,86,1120,-1.832998513533836,0.9133720930232558,0.33378283365641803,0.746194631408206,0.18610880398671098,0.0067358934633957685,0.8885262203811517,1.3773644557785947,,acoustic/mfcc_d5_mean_std.png
Friends,ling,156,1120,1.7933660564467668,0.5129349816849816,3.511886259366056,0.7476136524100854,0.5,5.860161105629621e-32,0.90508917114825,0.545331203119208,,ling/friends.png
mfcc_d10_mean_mean,acoustic,86,1120,-0.044971996504434,0.4508720930232558,0.10052673063500996,0.751457212229312,0.09223421926910298,0.475890561419493,0.8831465290308808,1.458360505538374,,acoustic/mfcc_d10_mean_mean.png
mfcc_d2_mean_std,acoustic,86,1120,-1.2477402393140482,0.7517234219269102,0.4985614297077693,0.7526674349028253,0.19771594684385382,0.003246207874343673,0.8716827508678611,1.1684682305522143,,acoustic/mfcc_d2_mean_std.png
egemaps_slopeV0-500_sma3nz_stddevNorm_mean,acoustic,86,1120,-0.0052964270359412,0.4264950166112957,0.031149406080123464,0.7584868241346818,0.18033637873754152,0.009575193777557084,0.921818447363124,0.4879038262711908,,acoustic/egemaps_slopev0_500_sma3nz_stddevnorm_mean.png
Swear words,ling,156,1120,0.9798163043426664,0.5353021978021978,2.251629524228343,0.7639626162126779,0.5,5.860161105629621e-32,0.8306756953366976,1.149290766155972,"90+: IQR = 0, scaled by SD",ling/swear_words.png
mfcc_d13_mean_std,acoustic,86,1120,-2.2490357054006576,0.9741071428571428,0.2326933105884434,0.7655074599980551,0.18249584717607972,0.008381397528826813,0.9066989195485072,1.479088355738015,,acoustic/mfcc_d13_mean_std.png
mfcc_d4_mean_std,acoustic,86,1120,-1.8235061128166985,0.9383928571428573,0.26993391434001623,0.7864533111495631,0.15836794019933553,0.03216899289050936,0.8897069379963501,1.181337776459197,,acoustic/mfcc_d4_mean_std.png
mfcc_d8_mean_std,acoustic,86,1120,-1.994784232955973,0.9276785714285716,0.27986149721396975,0.7944870335515092,0.16549003322259137,0.02207068403596603,0.9249377259706758,1.5282221203458,,acoustic/mfcc_d8_mean_std.png
mfcc_d12_mean_std,acoustic,86,1120,-2.0882206009208417,0.96875,0.21721140382988044,0.7960269541273906,0.17448089700996677,0.013382062788152503,0.9079858069863049,1.261775275216094,,acoustic/mfcc_d12_mean_std.png
egemaps_slopeUV0-500_sma3nz_amean_mean,acoustic,86,1120,-0.2791205023591988,0.328156146179402,0.5161336633754755,0.8071419002884792,0.1664036544850498,0.02099973708766098,0.9313794586441496,1.283377048965714,,acoustic/egemaps_slopeuv0_500_sma3nz_amean_mean.png
Coordinate phrase,ling,156,1119,2.250550847722021,0.4567952155083522,10.520028950819336,0.8112373051119561,0.4584450402144772,1.0800231181088479e-26,0.946619335130026,0.6551440688262731,,ling/coordinate_phrase.png
T-unit,ling,156,1119,2.201498117186071,0.4478242936687977,7.145284798930864,0.812559714350931,0.4110813226094727,2.3372862792904647e-21,0.9171437508936481,0.6322984667966615,,ling/t_unit.png
mfcc_d1_mean_std,acoustic,86,1120,-1.023477188992987,0.5847799003322258,0.5909303614549245,0.8144456195541623,0.18610880398671098,0.0067358934633957685,0.9127139630041803,1.2181156500904182,,acoustic/mfcc_d1_mean_std.png
mfcc_d11_mean_std,acoustic,86,1120,-2.079239083820037,0.9616071428571428,0.19287206369452314,0.8149460812070216,0.14049003322259138,0.07699551156333423,0.9101523455021642,1.1348705925926834,,acoustic/mfcc_d11_mean_std.png
ix_n_patient_turns,temporal,156,1120,1.9057593112556503,0.4460393772893773,5.744285964061897,0.8153014729168132,0.39999999999999997,3.30377717970871e-20,0.9167008297234408,0.6593334351319267,,temporal/ix_n_patient_turns.png
pt_n_utterances,temporal,156,1120,1.9057593112556503,0.4460393772893773,5.744285964061897,0.8153014729168132,0.39999999999999997,3.30377717970871e-20,0.9167008297234408,0.6593334351319267,,temporal/pt_n_utterances.png
mfcc_d7_mean_std,acoustic,86,1120,-1.8639566637671716,0.91515780730897,0.316815607797781,0.8174006404385987,0.16646594684385382,0.020920502149423755,0.9273929605896798,1.2929613273359566,,acoustic/mfcc_d7_mean_std.png
egemaps_slopeUV0-500_sma3nz_amean_whole,acoustic,86,1120,-0.2721412579765505,0.3228197674418604,0.5273584563990854,0.8218408619509291,0.16727574750830554,0.02002815693240865,0.9337033878233231,1.2819023016979134,,acoustic/egemaps_slopeuv0_500_sma3nz_amean_whole.png
Sentence,ling,156,1119,1.8335773901925057,0.4460369835704957,5.306995239339038,0.8240270156906896,0.3967828418230563,7.020883755058428e-20,0.9219317503586313,0.6700409642261035,,ling/sentence.png
Religion,ling,156,1120,1.6909777362363672,0.455540293040293,3.94022190429779,0.825285703200859,0.5,5.860161105629621e-32,0.9397579978443122,0.6083704777161332,,ling/religion.png
Past tense,ling,156,1120,2.2641877193854567,0.4577152014652015,9.506996233636455,0.8268790562962032,0.4446428571428571,4.570960070822564e-25,0.9276157727372155,0.6448798470491287,,ling/past_tense.png
Quantifiers,ling,156,1120,2.284093224968048,0.4543040293040292,8.586511751464187,0.8294392893416148,0.41607142857142854,6.901877525232392e-22,0.9328287307862081,0.6542060300594222,,ling/quantifiers.png
Motion,ling,156,1120,2.0402019502995103,0.4381639194139194,6.587367596832911,0.8295821581963457,0.408768315018315,4.0898932816517996e-21,0.9223429665974271,0.6738343901193311,,ling/motion.png
See,ling,156,1120,1.9779715802667197,0.440521978021978,6.575266834563395,0.8298731869719286,0.4401785714285714,1.490133730325887e-24,0.9334616285069806,0.6844663742034482,,ling/see.png
Inhibition,ling,156,1120,1.898202620696904,0.4333791208791208,4.675685585897134,0.8318912685029889,0.3991071428571428,4.0748122522304035e-20,0.9399268500210699,0.9253465386763143,,ling/inhibition.png
Achievement,ling,156,1120,2.041822212936833,0.4397893772893773,6.2211806880656795,0.8331759184167529,0.45089285714285715,8.532356466700437e-26,0.9407713836778491,0.748703579907638,,ling/achievement.png
Space,ling,156,1120,2.2789013691272038,0.4527701465201464,8.867195738207293,0.8340059100590737,0.41875,3.560211190202378e-22,0.9362223517365649,0.6806691899108488,,ling/space.png
Verb phrase,ling,156,1119,2.156688300523466,0.4478242936687977,8.744224527670157,0.8346452645098072,0.4298480786416443,2.1715206400883995e-23,0.9386810446444979,0.6825237452358106,,ling/verb_phrase.png
Tentative,ling,156,1120,2.2502883001757943,0.4478250915750916,9.701761109116525,0.835453091424268,0.4125,1.6555622084848844e-21,0.9400037427298643,0.6978060621246194,,ling/tentative.png
Assent,ling,156,1120,3.162158646457458,0.8717032967032967,20.312744690377187,0.8372655991920819,0.3414835164835165,1.0115937218920934e-14,0.9403581340409553,0.6971997607894164,,ling/assent.png
Relativity,ling,156,1120,2.2787454976969177,0.4603937728937729,8.42931804138565,0.8394601863531106,0.4035714285714286,1.419968147150643e-20,0.930570314017123,0.6375652098703256,,ling/relativity.png
Word count,ling,156,1119,2.2145058013123937,0.4478242936687977,8.669814343169888,0.8397530347691489,0.42269883824843607,1.328453244771147e-22,0.9383916955461654,0.6820437393932748,,ling/word_count.png
Total function words,ling,156,1120,2.312048399062937,0.4603937728937729,9.879945155780744,0.8402465590163024,0.42589285714285713,5.946514745869597e-23,0.9382423713737065,0.6711794841001275,,ling/total_function_words.png
Leisure,ling,156,1120,1.7739267504599323,0.4333791208791208,5.204770850400771,0.8403922138098907,0.41160714285714284,2.0575233586884613e-21,0.9292683850211165,0.6858110712753072,,ling/leisure.png
egemaps_F1amplitudeLogRelF0_sma3nz_stddevNorm_std,acoustic,86,1120,-0.0608524912138644,0.5846137873754154,0.005750069246602037,0.8414805477502854,0.07122093023255816,0.7835076109541991,0.9507600814974448,0.5888573007402159,,acoustic/egemaps_f1amplitudelogrelf0_sma3nz_stddevnorm_std.png
Clause,ling,156,1119,2.2431694823309902,0.4503849590980958,9.30330025445931,0.8416278914183067,0.42537980339588916,6.763822724898586e-23,0.9380539404348778,0.690208695305853,,ling/clause.png
Adverbs,ling,156,1120,2.3740237892263134,0.4730540293040293,11.13696790153638,0.8429002453660005,0.43124999999999997,1.5177381549336493e-23,0.9392391080210829,0.6981232030596205,,ling/adverbs.png
3rd pers plural,ling,156,1120,2.196486195800317,0.4469322344322345,10.375952012547364,0.8449803695000914,0.45,1.0863048158360098e-25,0.9420073058682629,0.7228404300903785,,ling/3rd_pers_plural.png
pt_total_words,temporal,156,1120,2.220118438840341,0.4478250915750916,8.723490396399065,0.8460383235860293,0.41785714285714287,4.441663349211296e-22,0.9388990197162218,0.6957519280246676,,temporal/pt_total_words.png
mfcc_d12_mean_mean,acoustic,86,1120,-0.0869006669797422,0.4410091362126245,0.06323067943827414,0.8462641083243186,0.0841362126245847,0.592571850970707,0.9344672416622319,1.3801377626572102,,acoustic/mfcc_d12_mean_mean.png
Causation,ling,156,1120,2.181411292101469,0.4469322344322345,8.55024459168871,0.8474749691996483,0.4357142857142857,4.789342582413043e-24,0.9424439640826964,0.7244231369247954,,ling/causation.png
pt_total_speech_sec,temporal,156,1120,2.3045983069716907,0.4478250915750916,8.199986895639052,0.8484029080404715,0.3982142857142857,5.0230845441529405e-20,0.9294846995257564,0.7118424710639559,,temporal/pt_total_speech_sec.png
Total pronouns,ling,156,1120,2.252428566241177,0.4593406593406594,9.985694318614991,0.8484218501631825,0.41964285714285715,2.852109107420616e-22,0.943661033908836,0.675079042938813,,ling/total_pronouns.png
Cognitive processes,ling,156,1120,2.2851162528105227,0.4502518315018314,10.757056296541384,0.849061882625674,0.43392857142857144,7.609879382796282e-24,0.9412692680470283,0.7129430582884392,,ling/cognitive_processes.png
egemaps_mfcc2_sma3_amean_whole,acoustic,86,1120,0.3159444310964919,0.325249169435216,1.702800086656436,0.8498147931412376,0.15390365448504983,0.040397370756983166,0.9359745144786987,1.3853929518977084,,acoustic/egemaps_mfcc2_sma3_amean_whole.png
Auxiliary verbs,ling,156,1120,2.226089383695913,0.4493589743589743,9.241639082684491,0.8505504830730178,0.41875,3.560211190202378e-22,0.94043264720952,0.7143667089904265,,ling/auxiliary_verbs.png
ix_conversation_dur_sec,temporal,156,1120,3.7347012787246494,0.8765567765567766,5.800150034795377,0.851222428620963,0.221268315018315,2.282920202648737e-06,0.8983756813781233,0.6682241520798697,,temporal/ix_conversation_dur_sec.png
Negative emotion,ling,156,1120,1.896325963658376,0.4298076923076922,5.211941709480245,0.8522156579305268,0.44285714285714284,7.345765127997323e-25,0.9497129232236705,0.7104897397664682,,ling/negative_emotion.png
ix_n_turns_total,temporal,156,1120,2.654980759570383,0.6062957875457875,3.7212462816620744,0.8526892329918924,0.252518315018315,3.542254543262828e-08,0.9117642014342789,0.650246009830636,,temporal/ix_n_turns_total.png
Common verbs,ling,156,1120,2.2321519949370296,0.4548763736263737,9.94345458734004,0.8526979567929948,0.4133928571428571,1.331399485673164e-21,0.9407486287157044,0.7032157145106411,,ling/common_verbs.png
Sexual,ling,156,1120,1.552792308654808,0.4028617216117216,3.931821355310578,0.8550246745452147,0.5,5.860161105629621e-32,0.9450487962294025,0.6557849388299326,,ling/sexual.png
Work,ling,156,1120,1.8060393206629972,0.4344322344322344,5.194873913309389,0.8556543969334457,0.4669642857142857,1.0001303257895048e-27,0.9485202430594709,0.7756174637723202,,ling/work.png
egemaps_mfcc3_sma3_stddevNorm_std,acoustic,86,1120,0.4583241693146804,0.6810423588039867,0.9587700040061367,0.8556812638232197,0.23349252491694353,0.00025684313879689605,0.9480138379756707,0.6452265199291354,,acoustic/egemaps_mfcc3_sma3_stddevnorm_std.png
Exclusive,ling,156,1120,2.3630366523772977,0.4607142857142856,11.618695734066764,0.8563580300410167,0.3982142857142857,5.0230845441529405e-20,0.9393537380634231,0.6799357818690319,,ling/exclusive.png
Certainty,ling,156,1120,2.226807238337269,0.4444139194139194,8.451889454749018,0.8577698756210579,0.4044642857142857,1.1481750770956607e-20,0.9444356568213509,0.6807577258563844,,ling/certainty.png
egemaps_mfcc4_sma3_stddevNorm_mean,acoustic,86,1120,-0.0812941793884542,0.2409468438538206,0.3742389979791595,0.858652694253632,0.08193521594684385,0.624710776347781,0.9881881403737929,0.5746357044701196,,acoustic/egemaps_mfcc4_sma3_stddevnorm_mean.png
Impersonal pronouns,ling,156,1120,2.2728099504967547,0.4487179487179488,10.07793392400758,0.859166703133615,0.4348214285714286,6.038781044682524e-24,0.9459287508859182,0.7391341206504537,,ling/impersonal_pronouns.png
mfcc_d6_mean_std,acoustic,86,1120,-1.932511244550522,0.9392857142857144,0.24454729265368313,0.8591748935754931,0.14136212624584718,0.07396667673060632,0.9216761837860274,1.162302798029459,,acoustic/mfcc_d6_mean_std.png
Hear,ling,156,1120,1.917318215584868,0.4415750915750915,8.790505368878115,0.8592999543017201,0.42678571428571427,4.742691366881873e-23,0.9600524636365578,0.8466285447583137,,ling/hear.png
Time,ling,156,1120,2.322937275581584,0.4728937728937729,8.176977124553412,0.8598300144866884,0.3723214285714286,1.7191179928224648e-17,0.9380264106331775,0.6643245347524203,,ling/time.png
Perceptual processes,ling,156,1120,2.0975906201936647,0.4460393772893773,9.021198699381976,0.8602468309476609,0.41964285714285715,2.852109107420616e-22,0.9510240628037957,0.7581330081714991,,ling/perceptual_processes.png
Affective processes,ling,156,1120,2.2447643161638564,0.4529304029304029,7.980246525419835,0.8603626947643556,0.3857142857142857,8.884272678305358e-19,0.9446206891290426,0.766273148798383,,ling/affective_processes.png
Fillers,ling,156,1120,2.051826741409388,0.4387362637362637,8.345584121965471,0.8604035726039416,0.4459478021978022,3.217866659012371e-25,0.9576329301602045,0.8256174158577493,,ling/fillers.png
egemaps_alphaRatioUV_sma3nz_amean_std,acoustic,86,1120,0.5066157095005585,0.3646802325581394,1.0102593744018469,0.8606538924943379,0.16733803986710963,0.019949987680878953,0.9531250310165986,1.228721618121664,,acoustic/egemaps_alpharatiouv_sma3nz_amean_std.png
Present tense,ling,156,1120,2.1380171613445205,0.4469322344322345,8.874614979417185,0.86081654076421,0.40714285714285714,6.050380366962714e-21,0.94836443507153,0.7828629828268662,,ling/present_tense.png
egemaps_mfcc2_sma3_amean_mean,acoustic,86,1120,0.4128659678233534,0.3718023255813953,1.6876149268466305,0.8609558355063092,0.15390365448504983,0.040397370756983166,0.9371268993065236,1.3492521036608836,,acoustic/egemaps_mfcc2_sma3_amean_mean.png
Complex nominal,ling,156,1119,2.2351979271018703,0.4523269402625971,9.512945627068282,0.8613925988697223,0.4262734584450402,5.394995532252348e-23,0.9481922275561956,0.7270516408271529,,ling/complex_nominal.png
Conjunctions,ling,156,1120,2.225386469158305,0.4490384615384615,9.725929803045846,0.8618609189480748,0.42678571428571427,4.742691366881873e-23,0.9444905717226317,0.7330221758600926,,ling/conjunctions.png
Discrepancy,ling,156,1120,2.2513632462313997,0.4495192307692308,9.975022571782434,0.8623087101645575,0.3892857142857143,3.9517128860840413e-19,0.9511210729270471,0.8385531125647963,,ling/discrepancy.png
Articles,ling,156,1120,2.3377927456533496,0.4559294871794872,8.99141507947434,0.8627348355148757,0.3964285714285714,7.620708422301924e-20,0.9398483351348156,0.7330781761583891,,ling/articles.png
Complex T-unit,ling,156,1119,2.221809936151101,0.4484429779335945,9.40467936415112,0.8628892248065144,0.4298480786416443,2.1715206400883995e-23,0.9477595032326145,0.7288008688764969,,ling/complex_t_unit.png
egemaps_mfcc2V_sma3nz_stddevNorm_std,acoustic,86,1120,0.9558776876673382,0.6620224252491693,1.5289411427803634,0.8636335362162187,0.18604651162790697,0.006767897301505517,0.9555177974866981,0.6484393194060959,,acoustic/egemaps_mfcc2v_sma3nz_stddevnorm_std.png
Social processes,ling,156,1120,2.2077406627061933,0.4457875457875457,10.69294689871761,0.8642342918262704,0.425,7.451747824219578e-23,0.9503878583111848,0.7626344920026121,,ling/social_processes.png
Prepositions,ling,156,1120,2.226005029117542,0.4451465201465202,8.01053441406673,0.8652122750402156,0.4044642857142857,1.1481750770956607e-20,0.9427148065818254,0.7213075509239589,,ling/prepositions.png
Humans,ling,156,1120,2.134166921031978,0.4342719780219779,8.011139707478794,0.8659531100660715,0.45535714285714285,2.5286770726630065e-26,0.9435095697109951,0.7799529003791164,,ling/humans.png
Negations,ling,156,1120,2.455166453058785,0.5068681318681318,8.99125820657928,0.8671469835749989,0.38035714285714284,2.9476172567844307e-18,0.9472393181683577,0.7174349926782078,,ling/negations.png
mfcc_1_std_mean,acoustic,86,1120,7.15945479755665,1.0,1.473607792714046,0.8677720698178989,0.1825373754152824,0.008356352086516174,0.9579176430680412,1.3757645799862226,,acoustic/mfcc_1_std_mean.png
egemaps_VoicedSegmentsPerSec_whole,acoustic,86,1120,-3.3278084365081617,0.8453696013289036,1.2097599597300503,0.8683104491013136,0.19997923588039868,0.002824378219830841,0.9348420460318454,1.1280526445563037,,acoustic/egemaps_voicedsegmentspersec_whole.png
Personal pronouns,ling,156,1120,2.21691344746736,0.4593406593406594,9.63079247381161,0.8685504368022796,0.3982142857142857,5.0230845441529405e-20,0.9476336305257606,0.7163257812368214,,ling/personal_pronouns.png
ix_patient_talk_ratio,temporal,156,1120,-1.063096866210283,0.4492673992673992,1.447311121195476,0.8691233353427814,0.26307234432234433,7.618468668741076e-09,0.9540875881559713,0.7630320560937753,,temporal/ix_patient_talk_ratio.png
Inclusive,ling,156,1120,2.117421603065973,0.4427884615384615,8.35119047902369,0.8692818209434677,0.4169642857142857,5.538294468566658e-22,0.9486742288239851,0.7067494703489112,,ling/inclusive.png
Anger,ling,156,1120,1.611020851673452,0.415521978021978,3.939193228106299,0.870049313228532,0.41875,3.560211190202378e-22,0.9560595820349432,0.9124657085048584,,ling/anger.png
2nd person,ling,156,1120,2.0624937116842226,0.44757326007326,11.085334027062455,0.8708112686745046,0.42678571428571427,4.742691366881873e-23,0.9630031098849795,0.8993800929719967,,ling/2nd_person.png
Positive emotion,ling,156,1120,2.282375523525883,0.4573946886446886,8.21641477899122,0.8717130869597298,0.37403846153846154,1.1816057070936888e-17,0.9518161965850479,0.7138233950624712,,ling/positive_emotion.png
1st pers singular,ling,156,1120,2.150406115347772,0.4629120879120879,7.189220642059414,0.8738377499961886,0.3821428571428571,1.9804913214214665e-18,0.9495017137075641,0.6983325813047302,,ling/1st_pers_singular.png
ix_patient_word_ratio,temporal,156,1120,-1.0047409568015817,0.4559981684981685,1.5177056338611168,0.8748298940070501,0.27735805860805857,8.560195219151726e-10,0.9489021636708739,0.7379252728438409,,temporal/ix_patient_word_ratio.png
egemaps_mfcc1V_sma3nz_stddevNorm_std,acoustic,86,1120,1.7961137713925786,0.7425249169435215,9.929558293499374,0.875442402229521,0.23928571428571427,0.0001661529308323661,0.9477424603243862,1.2487617810616467,,acoustic/egemaps_mfcc1v_sma3nz_stddevnorm_std.png
Death,ling,156,1120,1.2793795802855152,0.3973443223443224,2.65240760147351,0.8765145759462547,0.49358974358974356,4.139161103873683e-31,0.9567614018576059,0.678553935111719,,ling/death.png
mfcc_d3_mean_std,acoustic,86,1120,-1.622490142520783,0.9133928571428572,0.23693494758838982,0.8783558538380732,0.12348421926910298,0.16018516911178465,0.9475408090472013,1.1378459742783034,,acoustic/mfcc_d3_mean_std.png
mfcc_d13_std_mean,acoustic,86,1120,2.801183418218661,0.7656976744186046,1.5901179761342392,0.879332109422174,0.165531561461794,0.02201383921524738,0.9408758193388115,1.2035898658433957,,acoustic/mfcc_d13_std_mean.png
Future tense,ling,156,1120,2.250931506976343,0.4586080586080586,7.625259113433779,0.8799401523897,0.36144688644688644,1.7475795731437738e-16,0.9409215001474671,0.7575941370392587,,ling/future_tense.png
Feel,ling,156,1120,2.09731970186788,0.4319139194139194,5.901691249072846,0.8803325163328556,0.41785714285714287,4.441663349211296e-22,0.9634267248355359,0.8221558515841499,,ling/feel.png
Insight,ling,156,1120,2.276045619956597,0.5076007326007326,15.089262771413674,0.8803652581397534,0.39285714285714285,1.7428031453565264e-19,0.9532883453307629,0.823000266714423,,ling/insight.png
Dependent clause,ling,156,1119,2.187317856160163,0.4566405444421531,10.834490195491425,0.8820499355286617,0.4164432529043789,6.294359503318586e-22,0.9605548139443887,0.8328586663534033,,ling/dependent_clause.png
Sadness,ling,156,1120,1.864879160008568,0.4228250915750916,3.882587475551131,0.8823798278091751,0.48392857142857143,7.44175381617931e-30,0.9479852437719334,0.6462772965730533,,ling/sadness.png
egemaps_slopeV0-500_sma3nz_amean_whole,acoustic,86,1120,0.6650609052966591,0.3784468438538205,0.5459556956788703,0.8838977291641202,0.1824958471760797,0.008381397528826813,0.9546498750935506,1.2852056337982578,,acoustic/egemaps_slopev0_500_sma3nz_amean_whole.png
egemaps_hammarbergIndexUV_sma3nz_amean_std,acoustic,86,1120,0.0832224056811013,0.2199958471760797,0.767696375089918,0.8859089019652163,0.14227574750830566,0.07090179340694791,0.9458032445115823,1.1880601715224504,,acoustic/egemaps_hammarbergindexuv_sma3nz_amean_std.png
mfcc_3_mean_mean,acoustic,86,1120,0.7580076064496788,0.463828903654485,1.7230141281906703,0.887783543585934,0.14761212624584719,0.05507643343166602,0.9530392718472259,1.2912673878033245,,acoustic/mfcc_3_mean_mean.png
egemaps_mfcc4V_sma3nz_stddevNorm_std,acoustic,86,1120,1.4143613874453422,0.6173172757475083,3.112231733424762,0.8879287124901145,0.29069767441860467,1.7813817064526488e-06,0.9601461750228756,0.6984338120418718,,acoustic/egemaps_mfcc4v_sma3nz_stddevnorm_std.png
mfcc_d2_std_std,acoustic,86,1120,1.4029105941776716,0.5798795681063122,1.301746757740995,0.8879718817629896,0.16551079734219268,0.0220419719840256,0.942391507123683,1.1269910341193656,,acoustic/mfcc_d2_std_std.png
Anxiety,ling,156,1120,1.6019754449311052,0.4184523809523809,4.373557788405992,0.893067314796607,0.49358974358974356,4.139161103873683e-31,0.9708600310874674,0.7461660419514675,,ling/anxiety.png
Family,ling,156,1120,1.8469458182559737,0.4164148351648351,4.941472824691579,0.8932782359278638,0.42142857142857143,1.82737019251991e-22,0.9502401270515969,0.6769326952914003,,ling/family.png
Money,ling,156,1120,2.085516066780105,0.4344322344322344,6.41774350428658,0.894339044982927,0.39553571428571427,9.379027607202944e-20,0.9480126693725812,0.8033775543917226,,ling/money.png
mfcc_13_std_mean,acoustic,86,1120,3.369213979649316,0.7790905315614618,1.5993998877413407,0.8943668588584366,0.16642441860465115,0.020972642669609434,0.9410194716937645,1.149741933193232,,acoustic/mfcc_13_std_mean.png
Biological processes,ling,156,1120,2.0577770934347908,0.4463598901098901,6.275316124981241,0.8947472119029912,0.3580357142857143,3.5604127509644597e-16,0.9593366260694265,0.7835683073846473,,ling/biological_processes.png
mfcc_d10_mean_std,acoustic,86,1120,-2.043454339030641,0.95625,0.24509240901273008,0.8967346164022899,0.1423172757475083,0.07076598973523696,0.9491980170318924,1.2706666810872147,,acoustic/mfcc_d10_mean_std.png
3rd pers singular,ling,156,1120,2.0214077470955303,0.4388965201465201,9.029751408205707,0.8970924222518264,0.3964285714285714,7.620708422301924e-20,0.9592197622441772,0.788743552515875,,ling/3rd_pers_singular.png
mfcc_7_std_mean,acoustic,86,1120,4.186904195747646,0.8909883720930233,1.5798414110898278,0.8973954637225982,0.14854651162790697,0.05263809363729092,0.9490619295814836,1.2716910193515052,,acoustic/mfcc_7_std_mean.png
mfcc_10_std_mean,acoustic,86,1120,3.040175217196996,0.7773255813953488,1.3428340318289407,0.8985500549024843,0.14410299003322258,0.06509429477105201,0.9567747328522765,1.1394003315636116,,acoustic/mfcc_10_std_mean.png
egemaps_mfcc2_sma3_stddevNorm_std,acoustic,86,1120,0.2454902909803014,0.5699335548172757,0.5151355781411882,0.9003946593261938,0.09607558139534883,0.4241622036957147,0.969117398785458,0.6814627086645162,,acoustic/egemaps_mfcc2_sma3_stddevnorm_std.png
1st pers plural,ling,156,1120,2.011858632854828,0.4388965201465201,6.13646858653708,0.9020515129515126,0.3526785714285714,1.0721921061789682e-15,0.9596841542553793,0.7719996435655291,,ling/1st_pers_plural.png
Mean of response length,ling,156,1119,0.9903280624487591,0.364834673815907,1.9551053249517052,0.9034054291429984,0.3546263834467588,7.21078034447781e-16,0.9681334036592588,0.8547060468028183,,ling/mean_of_response_length.png
Home,ling,156,1120,2.0285525985226167,0.4307005494505493,6.044335950125061,0.9077676584861243,0.3892857142857143,3.9517128860840413e-19,0.9530106344846374,0.8439092954138145,,ling/home.png
mfcc_12_mean_whole,acoustic,86,1120,0.5168816347480018,0.2826827242524916,0.6253965364068954,0.9096078053272594,0.1584094684385382,0.032094606530963465,0.9756386849801585,1.2084637910324436,,acoustic/mfcc_12_mean_whole.png
mfcc_9_mean_std,acoustic,86,1120,-0.0695576651488978,0.1802948504983388,0.6792207229232209,0.9130158464948597,0.11690199335548168,0.20693384792168723,0.9480173454542836,1.0272194132523456,,acoustic/mfcc_9_mean_std.png
egemaps_mfcc1V_sma3nz_stddevNorm_whole,acoustic,86,1120,2.8827345653986334,0.7442691029900332,2.2236624653354538,0.9136836944378278,0.17533222591362127,0.012751528857515829,0.9663496099687299,1.2271576283143144,,acoustic/egemaps_mfcc1v_sma3nz_stddevnorm_whole.png
egemaps_slopeV0-500_sma3nz_amean_mean,acoustic,86,1120,0.6606307178285691,0.3971553156146179,0.5509367933695387,0.9157664133811709,0.15834717607973414,0.032207312510802256,0.9622905470748391,1.25146633516577,,acoustic/egemaps_slopev0_500_sma3nz_amean_mean.png
sm_content_diversity,semantic,156,1117,-1.0521847088951333,0.4226120790579161,2.170219340027646,0.9167590327212902,0.18968505383008516,8.656375347215441e-05,0.959103246176005,0.7604632930671813,,semantic/sm_content_diversity.png
Nonfluencies,ling,156,1120,2.411573944667254,0.8725045787545788,61.73372730927011,0.9180470201111165,0.41128663003663,2.2218500652339662e-21,0.9793508240384451,0.8155238082968995,,ling/nonfluencies.png
egemaps_mfcc1_sma3_amean_mean,acoustic,86,1120,-0.9534472444139456,0.4986295681063122,0.834548630585417,0.9189297734889958,0.1440822259136212,0.06515780713780209,0.9727245449289947,1.3156149903377063,,acoustic/egemaps_mfcc1_sma3_amean_mean.png
egemaps_mfcc4_sma3_stddevNorm_whole,acoustic,86,1120,-0.4040611547022251,0.3582433554817276,105.87441148496241,0.9197921474273442,0.10309385382059799,0.3394285422260454,0.9374688337410705,0.7721318678886357,,acoustic/egemaps_mfcc4_sma3_stddevnorm_whole.png
egemaps_mfcc3V_sma3nz_stddevNorm_std,acoustic,86,1120,0.5439276416485009,0.6525124584717608,2.6852141766351263,0.9198511871975833,0.08598421926910299,0.5653135707544892,0.9653845018859255,0.7088056148003987,,acoustic/egemaps_mfcc3v_sma3nz_stddevnorm_std.png
mfcc_12_mean_std,acoustic,86,1120,-0.3032052166359251,0.1695182724252492,0.8226591426311162,0.9201778310159093,0.09850498338870434,0.39374756533897737,0.9466824150544586,1.0851347428954792,,acoustic/mfcc_12_mean_std.png
egemaps_alphaRatioV_sma3nz_stddevNorm_std,acoustic,86,1120,0.528642871962633,0.6513704318936877,1.9715440999865188,0.9203479189325587,0.13125,0.11592450123725646,0.9820123094563411,0.6927944746917964,,acoustic/egemaps_alpharatiov_sma3nz_stddevnorm_std.png
Ingestion,ling,156,1120,1.7416737817076309,0.4235576923076922,4.138001241105136,0.9209925754516428,0.37589285714285714,7.892484929107796e-18,0.9626083400618707,0.8016097405108209,,ling/ingestion.png
mfcc_9_std_mean,acoustic,86,1120,3.551147528178225,0.8704734219269104,1.3840475705021191,0.9216645580212306,0.1382475083056478,0.0852307175382599,0.962178365175725,0.9907811799093406,,acoustic/mfcc_9_std_mean.png
egemaps_loudnessPeaksPerSec_std,acoustic,86,1120,-1.0051459822813382,0.6891611295681063,0.3106158899848295,0.9232502908725552,0.1273878737541528,0.1364826161543863,0.9774523897989247,0.8963443591446746,,acoustic/egemaps_loudnesspeakspersec_std.png
egemaps_mfcc2V_sma3nz_stddevNorm_whole,acoustic,86,1120,0.4133473228437765,0.1310008305647839,28.694271681836423,0.9236988332120281,0.06322674418604651,0.884899991948611,0.9429811740164653,0.9321699991313909,,acoustic/egemaps_mfcc2v_sma3nz_stddevnorm_whole.png
egemaps_mfcc1_sma3_stddevNorm_mean,acoustic,86,1120,2.655747170216808,0.7934593023255814,1.2955239563747223,0.9245348326886021,0.165531561461794,0.02201383921524738,0.973674061008666,1.235727090399061,,acoustic/egemaps_mfcc1_sma3_stddevnorm_mean.png
Log TTR,ling,156,1119,-0.6389585867076933,0.4207396714099127,1.1885491526880623,0.9245539693264488,0.15130267409087786,0.0033261451020790388,0.9602829603974976,0.7282170929104903,,ling/log_ttr.png
egemaps_mfcc1_sma3_stddevNorm_whole,acoustic,86,1120,3.421614077231517,0.785361295681063,1.7516584392137997,0.9245610257302588,0.15479651162790697,0.03861868497831468,0.9616530464907664,1.1450557079962569,,acoustic/egemaps_mfcc1_sma3_stddevnorm_whole.png
egemaps_spectralFlux_sma3_stddevNorm_mean,acoustic,86,1120,6.06426454223274,0.9991071428571427,1.851517956321505,0.9249392440627336,0.08801910299003324,0.5351166565165708,0.9551391370673612,1.1275368119741818,,acoustic/egemaps_spectralflux_sma3_stddevnorm_mean.png
egemaps_mfcc4_sma3_stddevNorm_std,acoustic,86,1120,0.8110596377033263,0.7192691029900331,1.2753374463363267,0.9250472709036826,0.2871262458471761,2.5124625924029106e-06,0.9618695558603125,0.7907927376925166,,acoustic/egemaps_mfcc4_sma3_stddevnorm_std.png
egemaps_mfcc1V_sma3nz_amean_std,acoustic,86,1120,0.077841654117372,0.2461378737541528,0.6157803042091378,0.9256370367714858,0.10199335548172757,0.3517541522661833,0.9556995702016677,1.0492543122837354,,acoustic/egemaps_mfcc1v_sma3nz_amean_std.png
egemaps_mfcc1_sma3_amean_whole,acoustic,86,1120,-0.841783894743787,0.468251661129568,0.8735159103089999,0.9269943932458294,0.1306686046511627,0.11893121306625569,0.9724125370773411,1.2525237117210108,,acoustic/egemaps_mfcc1_sma3_amean_whole.png
mfcc_d4_std_std,acoustic,86,1120,0.5027022069408781,0.3644725913621262,0.7532268124524791,0.92827319966319,0.12670265780730905,0.14029450424132076,0.9686421345984083,0.9780550822954164,,acoustic/mfcc_d4_std_std.png
mfcc_6_mean_mean,acoustic,86,1120,-1.0511024454086435,0.5651162790697675,0.6875406612898997,0.9283398982235368,0.13561046511627906,0.09587655604514857,0.974047552183195,1.0605446608244498,,acoustic/mfcc_6_mean_mean.png
egemaps_mfcc1V_sma3nz_stddevNorm_mean,acoustic,86,1120,2.903968705292494,0.7513911960132891,2.5834307558849887,0.929699701861524,0.16465946843853818,0.023072142494780224,0.9762175698408997,1.1198300863450048,,acoustic/egemaps_mfcc1v_sma3nz_stddevnorm_mean.png
egemaps_F3amplitudeLogRelF0_sma3nz_stddevNorm_mean,acoustic,86,1120,0.0894338979049851,0.1523671096345515,0.7322947541503371,0.9304664227478769,0.11052740863787375,0.261954349267712,0.9819263022374786,1.1047650907834634,,acoustic/egemaps_f3amplitudelogrelf0_sma3nz_stddevnorm_mean.png
mfcc_2_std_std,acoustic,86,1120,1.0561576126598575,0.545203488372093,0.8775950392906764,0.9305400069106357,0.12526993355481728,0.148989762283396,0.9611824017051311,1.198773926587928,,acoustic/mfcc_2_std_std.png
egemaps_logRelF0-H1-H2_sma3nz_stddevNorm_std,acoustic,86,1120,0.5069858431452454,0.6666528239202658,1.114781839939939,0.930813757235043,0.11995431893687708,0.18431404223902395,0.9778098894561909,0.7444546539231987,,acoustic/egemaps_logrelf0_h1_h2_sma3nz_stddevnorm_std.png
mfcc_d9_std_mean,acoustic,86,1120,3.068665056735819,0.776578073089701,1.5325582343246407,0.9310404503450578,0.14321013289036544,0.06787979540225075,0.9796142520930733,1.2314967586832335,,acoustic/mfcc_d9_std_mean.png
mfcc_d7_std_mean,acoustic,86,1120,3.1905589824219924,0.793563122923588,1.437777817061076,0.9315914613432658,0.1288828903654485,0.12827757243584484,0.9771057645608769,1.126894006429383,,acoustic/mfcc_d7_std_mean.png
Numbers,ling,156,1120,2.718705297567608,0.7047619047619048,9.66689253638582,0.931658702223248,0.22445054945054946,1.5335067819177563e-06,0.9684789517745521,0.7321304426246614,,ling/numbers.png
egemaps_StddevUnvoicedSegmentLength_mean,acoustic,86,1120,3.1333303921514446,0.8802948504983389,1.2794756132736147,0.9319769376660275,0.1449750830564784,0.062468374002610905,0.9716004365854581,0.9651166988312255,,acoustic/egemaps_stddevunvoicedsegmentlength_mean.png
egemaps_slopeUV0-500_sma3nz_amean_std,acoustic,86,1120,0.5378569239258094,0.3431686046511627,0.9710558730617361,0.9321686812352865,0.12306893687707643,0.16264822269290982,0.9744916377285514,0.9287685709628885,,acoustic/egemaps_slopeuv0_500_sma3nz_amean_std.png
egemaps_logRelF0-H1-H2_sma3nz_stddevNorm_whole,acoustic,86,1120,-0.1830733957886031,0.2228612956810631,1.7039619162136836,0.9333327803707843,0.15247093023255817,0.04342705971553923,0.9594956556851638,1.2055485138700395,,acoustic/egemaps_logrelf0_h1_h2_sma3nz_stddevnorm_whole.png
egemaps_F0semitoneFrom27.5Hz_sma3nz_stddevRisingSlope_std,acoustic,86,1120,3.330862638011008,0.837250830564784,1.5273534376364817,0.9344371149890874,0.10199335548172757,0.3517541522661833,0.9591485915363765,1.1042134991978323,,acoustic/egemaps_f0semitonefrom27_5hz_sma3nz_stddevrisingslope_std.png
egemaps_mfcc4_sma3_amean_std,acoustic,86,1120,0.2416955738522959,0.2496054817275747,0.8467059768111919,0.9353113719410436,0.09750830564784052,0.40591548104464537,0.962579631766019,1.1280983443466264,,acoustic/egemaps_mfcc4_sma3_amean_std.png
mfcc_d11_std_mean,acoustic,86,1120,3.0314706924432926,0.8292566445182724,1.3256029212398892,0.9359857926671016,0.1048795681063123,0.3196970605742196,0.9689076362733394,1.0806648008687798,,acoustic/mfcc_d11_std_mean.png
egemaps_slopeV500-1500_sma3nz_stddevNorm_mean,acoustic,86,1120,-0.016720869753114,0.4595514950166112,0.26429767721157293,0.9395569489902216,0.10330149501661123,0.3365479100155137,0.9684678016204217,1.091204264504916,,acoustic/egemaps_slopev500_1500_sma3nz_stddevnorm_mean.png
mfcc_d5_std_mean,acoustic,86,1120,3.374079751807189,0.8238995016611296,1.4583241086842855,0.9399145064211233,0.12751245847176074,0.1356797041411187,0.9707300621019475,0.9310870166949263,,acoustic/mfcc_d5_std_mean.png
mfcc_2_mean_mean,acoustic,86,1120,-0.9930864882833546,0.499501661129568,0.8318988890855223,0.9401659058785552,0.13957641196013293,0.08027995719893326,0.9864652602413345,1.3332936630060324,,acoustic/mfcc_2_mean_mean.png
mfcc_d10_std_mean,acoustic,86,1120,2.868907973485465,0.771968438538206,1.4325781896540373,0.9404362691297762,0.1092607973421927,0.2746600936138296,0.966093360786759,1.1016846807583895,,acoustic/mfcc_d10_std_mean.png
egemaps_mfcc2_sma3_stddevNorm_whole,acoustic,86,1120,-0.0172243004145514,0.2385382059800664,0.4082526347189981,0.9410911603658838,0.1220514950166113,0.1695180047222098,0.9752476583896831,0.759085679492463,,acoustic/egemaps_mfcc2_sma3_stddevnorm_whole.png
egemaps_mfcc4V_sma3nz_stddevNorm_whole,acoustic,86,1120,0.0273137842288011,0.373546511627907,0.11150093618529582,0.9421110599706484,0.09318936877076411,0.46290605357502274,0.9536267280955266,1.112495084822889,,acoustic/egemaps_mfcc4v_sma3nz_stddevnorm_whole.png
Simple TTR,ling,156,1119,-0.97595587275802,0.4297965216195779,1.903084837572504,0.9422506336947497,0.17111775623839964,0.0005610954409631546,0.9637170968958133,0.7804812510021586,,ling/simple_ttr.png
egemaps_mfcc3_sma3_amean_std,acoustic,86,1120,-0.2573236198802324,0.2101121262458471,0.6695798972338886,0.9433898164586496,0.09136212624584719,0.48801313357635867,0.9805101666117885,1.2961398901760888,,acoustic/egemaps_mfcc3_sma3_amean_std.png
egemaps_loudness_sma3_amean_std,acoustic,86,1120,-0.5125011994340514,0.2960755813953488,0.5552312162641544,0.9442280517802386,0.10143272425249172,0.35818577013076175,0.9838854156536376,0.8762207507895708,,acoustic/egemaps_loudness_sma3_amean_std.png
mfcc_d2_std_mean,acoustic,86,1120,3.91366306112019,0.8766611295681063,1.6183013631568943,0.9443864973188825,0.13909883720930238,0.08201605083072731,0.977953252351863,0.9233555054916068,,acoustic/mfcc_d2_std_mean.png
mfcc_7_std_whole,acoustic,86,1120,3.0717095455971903,0.8140365448504983,1.3089135145031079,0.9446935619398799,0.11993355481727576,0.1844452277857711,0.9748719261479054,1.2470193090484971,,acoustic/mfcc_7_std_whole.png
Coordinate phrase per clause,ling,156,1119,0.095693506975089,0.2861930294906166,0.39180961890097576,0.9447738504460655,0.12179487179487179,0.03129704932772035,0.9689906739654593,0.8842706944897089,,ling/coordinate_phrase_per_clause.png
Complex nominal per clause,ling,156,1119,0.0895686478622397,0.2432460301093009,0.39340333133572875,0.9448754888024812,0.0887983776723723,0.2159346082406839,0.9751499495276019,0.9450547983616154,,ling/complex_nominal_per_clause.png
mfcc_5_std_mean,acoustic,86,1120,4.018561218942037,0.9016611295681064,1.3019737729712817,0.9459603343411519,0.13874584717607974,0.0833729918684461,0.9729207177449208,1.0770162439363116,,acoustic/mfcc_5_std_mean.png
mfcc_d9_std_std,acoustic,86,1120,0.0801872974347064,0.1494186046511627,0.7061319355643698,0.9467873523563304,0.09404069767441862,0.4513842159757558,0.9770628995431403,1.054232962872277,,acoustic/mfcc_d9_std_std.png
mfcc_10_mean_std,acoustic,86,1120,-0.3465454479304194,0.2070182724252491,0.7558721871011774,0.9473561310691412,0.11686046511627912,0.20725138540646082,0.9707892136144233,0.9663558206191577,,acoustic/mfcc_10_mean_std.png
egemaps_mfcc3V_sma3nz_stddevNorm_whole,acoustic,86,1120,0.0280326704428765,0.3264742524916943,0.13350442416495345,0.9476126999204568,0.08457225913621258,0.5853118601137328,0.9785524728383456,0.7693294208117557,,acoustic/egemaps_mfcc3v_sma3nz_stddevnorm_whole.png
egemaps_loudness_sma3_percentile50.0_std,acoustic,86,1120,-0.4322603437476423,0.2593853820598007,0.5255861393380495,0.9477827802037698,0.11474252491694359,0.22496253944177488,0.9844727377889234,0.858871440374447,,acoustic/egemaps_loudness_sma3_percentile50_0_std.png
egemaps_StddevUnvoicedSegmentLength_std,acoustic,86,1120,1.7652179355162962,0.7507682724252491,0.8353180413251132,0.9478524008643479,0.10205564784053156,0.351200748943235,0.9770018030146616,0.8824076069787867,,acoustic/egemaps_stddevunvoicedsegmentlength_std.png
mfcc_13_mean_std,acoustic,86,1120,-0.1804307004673025,0.120016611295681,0.9691356495608543,0.9479776939279538,0.13340946843853818,0.10569317257155701,0.9799402318443108,1.160634178511701,,acoustic/mfcc_13_mean_std.png
mfcc_1_std_std,acoustic,86,1120,3.528131599274234,0.8175872093023255,1.7366601615974053,0.9489626547102274,0.11187707641196012,0.24995204926506404,0.9758060815763847,1.1844918895116243,,acoustic/mfcc_1_std_std.png
Moving average TT,ling,156,1119,0.0001104178001714,0.1138894617446895,0.7709311833329886,0.9496394843135011,0.08235374991407163,0.2930300955667393,0.9788766448251699,1.0486406913621196,,ling/moving_average_tt.png
mfcc_12_mean_mean,acoustic,86,1120,0.3698152637234097,0.2659053156146179,0.6077521129129195,0.9501282678369088,0.12888289036544842,0.12827757243584484,0.9851200166262832,1.1487186874126498,,acoustic/mfcc_12_mean_mean.png
egemaps_logRelF0-H1-H2_sma3nz_stddevNorm_mean,acoustic,86,1120,0.0956682396840829,0.2193936877076411,0.29407194007321097,0.9504389367425637,0.10062292358803981,0.3674410580753239,0.9649607217275463,0.9624439796580069,,acoustic/egemaps_logrelf0_h1_h2_sma3nz_stddevnorm_mean.png
egemaps_mfcc3_sma3_amean_mean,acoustic,86,1120,-0.2797992609586581,0.2346553156146179,0.6602735314732937,0.9505928386872254,0.10928156146179402,0.27447232154978823,0.9848267296590141,1.0696219418420143,,acoustic/egemaps_mfcc3_sma3_amean_mean.png
egemaps_mfcc3_sma3_amean_whole,acoustic,86,1120,-0.3255017263686343,0.248048172757475,0.6597924057146254,0.9507910318523217,0.10413205980066442,0.32752034324334517,0.9861030219521009,1.041743667083633,,acoustic/egemaps_mfcc3_sma3_amean_whole.png
egemaps_mfcc1V_sma3nz_amean_mean,acoustic,86,1120,0.3610935977211621,0.1360257475083056,1.10626584503301,0.9511847093308053,0.11154485049833887,0.25245253240475407,0.9758911711189513,0.9544386864889713,,acoustic/egemaps_mfcc1v_sma3nz_amean_mean.png
mfcc_d13_std_std,acoustic,86,1120,-0.0542546964188807,0.1319352159468438,0.642836979293738,0.9512837459698247,0.09800664451827246,0.39910265024977865,0.9717181800492263,0.9720008401937356,,acoustic/mfcc_d13_std_std.png
Measure of lexical textual diversity [mtld_ma_bid],ling,156,1119,-0.0043010023817137,0.0966522307004881,0.8521594606454946,0.9521138654914827,0.12609129030040556,0.023272643059465158,0.9822645007663536,0.9876705847659507,,ling/measure_of_lexical_textual_diversity_mtld_ma_bid.png
egemaps_F3amplitudeLogRelF0_sma3nz_stddevNorm_whole,acoustic,86,1120,0.0635354012661679,0.1353405315614618,0.7206824952641675,0.952983822438762,0.0960548172757475,0.4245038796987236,0.9843916972657653,1.103852915388289,,acoustic/egemaps_f3amplitudelogrelf0_sma3nz_stddevnorm_whole.png
mfcc_2_std_mean,acoustic,86,1120,5.777687170456764,0.98390780730897,1.288441367867305,0.9536607656533568,0.12016196013289038,0.1827872963928432,0.9856908983343451,1.0223527559998415,,acoustic/mfcc_2_std_mean.png
Body,ling,156,1120,1.9324714601861723,0.440819597069597,4.10948689964822,0.953674225443569,0.3267857142857143,1.707037931788299e-13,0.9727167271613532,0.9335830977048221,,ling/body.png
mfcc_7_mean_whole,acoustic,86,1120,0.3060881072747094,0.306063122923588,0.621813857606017,0.95428651424265,0.10658222591362121,0.30163379714343375,0.9875080835721658,1.1515633748493603,,acoustic/mfcc_7_mean_whole.png
mfcc_d2_mean_mean,acoustic,86,1120,-0.0479077885149831,0.4302740863787375,0.08694959191336635,0.9544402885759499,0.05770348837209302,0.9378517430409026,0.9721318835892684,1.1600761087396998,,acoustic/mfcc_d2_mean_mean.png
mfcc_12_std_mean,acoustic,86,1120,3.732600829814409,0.8596137873754153,1.5157401529185066,0.9547678396002699,0.09802740863787385,0.3987857368395592,0.9736096258757686,0.9982965188198003,,acoustic/mfcc_12_std_mean.png
mfcc_5_mean_std,acoustic,86,1120,0.4988075757664314,0.3307101328903654,0.9183267060327852,0.9548818296237227,0.08502906976744186,0.5792602930605274,0.9751678865175516,1.044827045166873,,acoustic/mfcc_5_mean_std.png
egemaps_F1bandwidth_sma3nz_stddevNorm_whole,acoustic,86,1120,1.8578179885065529,0.6639742524916944,1.3029521036261522,0.9556499253128686,0.11582225913621261,0.21571905660758672,0.9797924344381047,0.9670843017379632,,acoustic/egemaps_f1bandwidth_sma3nz_stddevnorm_whole.png
egemaps_mfcc2V_sma3nz_amean_whole,acoustic,86,1120,0.0280605482400261,0.149750830564784,1.491844143043692,0.9557490128921364,0.10299003322259137,0.3406055372847479,0.974315292932317,1.0696556517263158,,acoustic/egemaps_mfcc2v_sma3nz_amean_whole.png
egemaps_F1frequency_sma3nz_amean_mean,acoustic,86,1120,0.3126516617444675,0.162375415282392,0.9240408968959681,0.9558082243898047,0.13469684385382058,0.09981198476580076,0.9801286742346925,0.8621513821853212,,acoustic/egemaps_f1frequency_sma3nz_amean_mean.png
mfcc_d6_std_mean,acoustic,86,1120,2.6012408468623294,0.7872715946843853,1.1141092679654074,0.9560900280507016,0.1092607973421927,0.2746600936138296,0.9891243554404469,1.17594319427746,,acoustic/mfcc_d6_std_mean.png
mfcc_7_mean_std,acoustic,86,1120,0.8597887564324762,0.4398463455149501,1.0482635207908748,0.9561268680434727,0.08413621262458472,0.592571850970707,0.972095024391447,1.0724602319406855,,acoustic/mfcc_7_mean_std.png
egemaps_F3frequency_sma3nz_amean_mean,acoustic,86,1120,0.8372117773408742,0.5121054817275748,0.3728621585148253,0.956268556319381,0.09576411960132891,0.42843487641164385,0.9736234728763214,1.0055130767250495,,acoustic/egemaps_f3frequency_sma3nz_amean_mean.png
egemaps_F2amplitudeLogRelF0_sma3nz_stddevNorm_whole,acoustic,86,1120,0.1450219198715882,0.1914451827242524,0.6910957719095446,0.9562753326812081,0.08594269102990035,0.5658074049665488,0.9854633316091721,1.1798098766052347,,acoustic/egemaps_f2amplitudelogrelf0_sma3nz_stddevnorm_whole.png
pt_std_utt_dur_sec,temporal,156,1120,-0.5320501518562095,0.3135073260073259,0.3851136129246359,0.9563719312673362,0.0858287545787545,0.2492872394405355,0.9742538722480446,0.8328621678896435,,temporal/pt_std_utt_dur_sec.png
egemaps_logRelF0-H1-A3_sma3nz_stddevNorm_std,acoustic,86,1120,0.3511928114147856,0.5648878737541527,0.9332318082754892,0.9566614458144471,0.07186461794019933,0.7751272954399284,0.9866404891095956,0.7831496461258708,,acoustic/egemaps_logrelf0_h1_a3_sma3nz_stddevnorm_std.png
egemaps_F0semitoneFrom27.5Hz_sma3nz_stddevRisingSlope_whole,acoustic,86,1120,2.564268977632437,0.7890157807308971,1.338826248033351,0.9571292104363298,0.09127906976744186,0.48892007385366687,0.9677000379729388,1.005246176642627,,acoustic/egemaps_f0semitonefrom27_5hz_sma3nz_stddevrisingslope_whole.png
egemaps_F0semitoneFrom27.5Hz_sma3nz_stddevFallingSlope_std,acoustic,86,1120,2.1431536628324634,0.7184593023255814,1.2291160788710476,0.957299077089336,0.09580564784053155,0.428019074151538,0.9641458072051473,1.014937183676981,,acoustic/egemaps_f0semitonefrom27_5hz_sma3nz_stddevfallingslope_std.png
mfcc_2_mean_whole,acoustic,86,1120,-1.6612161282488986,0.6969269102990032,0.9235150103735291,0.9573583558103426,0.10022840531561461,0.372576860937778,0.9695705380230006,1.1111564491115014,,acoustic/mfcc_2_mean_whole.png
egemaps_slopeV500-1500_sma3nz_stddevNorm_whole,acoustic,86,1120,-0.4871310438902484,0.4390573089700997,0.6280557589608498,0.9574010233635688,0.08033637873754151,0.6486246438234442,0.9803986925976095,0.7994784682453013,,acoustic/egemaps_slopev500_1500_sma3nz_stddevnorm_whole.png
mfcc_4_mean_mean,acoustic,86,1120,-0.427554287572514,0.3194975083056478,0.5691774511053819,0.9575638562765142,0.09752906976744186,0.4057241730169778,0.9922665981862783,1.2800410181663795,,acoustic/mfcc_4_mean_mean.png
egemaps_logRelF0-H1-A3_sma3nz_stddevNorm_mean,acoustic,86,1120,0.6178982277737798,0.6746470099667774,0.4113548606182356,0.957906279739238,0.0713039867109635,0.7821404696131782,0.9823859843566882,0.7930871281221837,,acoustic/egemaps_logrelf0_h1_a3_sma3nz_stddevnorm_mean.png
mfcc_d5_std_whole,acoustic,86,1120,2.6957441298433222,0.7836794019933554,1.172795949003724,0.9582665504767002,0.09543189368770766,0.4318042017375524,0.9837646614125033,0.9507180043818152,,acoustic/mfcc_d5_std_whole.png
egemaps_logRelF0-H1-A3_sma3nz_stddevNorm_whole,acoustic,86,1120,0.8028250506576932,0.6112956810631229,0.6043743660270818,0.9585500456639886,0.08291112956810631,0.609792636161491,0.9733784304335492,0.852491761024012,,acoustic/egemaps_logrelf0_h1_a3_sma3nz_stddevnorm_whole.png
egemaps_MeanUnvoicedSegmentLength_std,acoustic,86,1120,1.9101088367079868,0.7051702657807309,1.2933158939252578,0.9595484705273806,0.14586794019933555,0.05987430075488849,0.9738023168921816,0.9044795481093268,,acoustic/egemaps_meanunvoicedsegmentlength_std.png
Root TTR,ling,156,1119,0.6609856884075294,0.3831717879975252,1.7835677035916757,0.959551492381665,0.12375403863339518,0.027376600726419613,0.9810889075149132,0.7941465252047356,,ling/root_ttr.png
egemaps_F0semitoneFrom27.5Hz_sma3nz_pctlrange0-2_mean,acoustic,86,1120,1.484482653072113,0.630045681063123,1.0685578128848978,0.9595675525079823,0.1470099667774086,0.05670275397929757,0.9910462928804888,0.8903404070858019,,acoustic/egemaps_f0semitonefrom27_5hz_sma3nz_pctlrange0_2_mean.png
egemaps_alphaRatioV_sma3nz_amean_mean,acoustic,86,1120,-0.123201769660287,0.0818106312292359,0.9160991907717918,0.9596972817618024,0.11044435215946846,0.2629132175469105,0.9920337023743968,0.9489523644847329,,acoustic/egemaps_alpharatiov_sma3nz_amean_mean.png
mfcc_7_mean_mean,acoustic,86,1120,0.6177233704946075,0.316673588039867,0.8115501454422976,0.9597340618091227,0.10024916943521589,0.3723880632685755,0.9826719312806862,1.1109262305299246,,acoustic/mfcc_7_mean_mean.png
mfcc_d3_std_std,acoustic,86,1120,0.8162139179816005,0.4719061461794019,0.8447939008854009,0.9597389389858,0.07969269102990034,0.659597980729086,0.9801880397622237,1.0946833850054138,,acoustic/mfcc_d3_std_std.png
mfcc_d2_std_whole,acoustic,86,1120,3.1041423173080758,0.8373961794019933,1.2704841833055123,0.9604322031553685,0.12936046511627908,0.12557076008452975,0.978754863913031,0.892206356438911,,acoustic/mfcc_d2_std_whole.png
Mean segmental TTR,ling,156,1119,-0.0233348184118951,0.12894411218808,0.7454279366895291,0.9604354569587509,0.07535918058706259,0.396632444609093,0.9822152980589217,1.0956214141601637,,ling/mean_segmental_ttr.png
mfcc_13_std_whole,acoustic,86,1120,1.8304130142221704,0.6344476744186047,1.190951578480541,0.9606722515280588,0.11098421926910298,0.25816457800855513,0.9759957458537096,1.0410010474575684,,acoustic/mfcc_13_std_whole.png
egemaps_loudness_sma3_stddevRisingSlope_std,acoustic,86,1120,0.1743856420759959,0.1786752491694352,0.7192865509539841,0.9606829833062344,0.11399501661129563,0.23104611621862023,0.98457684552709,0.9511464149964808,,acoustic/egemaps_loudness_sma3_stddevrisingslope_std.png
egemaps_alphaRatioV_sma3nz_amean_whole,acoustic,86,1120,0.040434702856803,0.1196428571428571,0.8973221607136435,0.9612128774827874,0.12911129568106317,0.12704034951434573,0.9924335197953132,0.9600624604720176,,acoustic/egemaps_alpharatiov_sma3nz_amean_whole.png
egemaps_F2bandwidth_sma3nz_stddevNorm_whole,acoustic,86,1120,1.4573172260316158,0.59703073089701,0.9583625211459011,0.9618344584109317,0.08955564784053155,0.5134433973823851,0.9828554445069922,1.042822933795043,,acoustic/egemaps_f2bandwidth_sma3nz_stddevnorm_whole.png
Coordinate phrase per T-unit,ling,156,1119,0.2662797076985518,0.2869663848216127,0.5677802363579607,0.9623349768203051,0.08039458307554814,0.3199417171868745,0.9837039965970056,0.8489878165424831,,ling/coordinate_phrase_per_t_unit.png
egemaps_mfcc2V_sma3nz_amean_mean,acoustic,86,1120,0.0972986817524899,0.1803986710963455,1.551848631861738,0.9624625815820282,0.10299003322259137,0.3406055372847479,0.9776649341279541,1.0380881632742043,,acoustic/egemaps_mfcc2v_sma3nz_amean_mean.png
egemaps_mfcc3_sma3_stddevNorm_mean,acoustic,86,1120,0.0678229156526328,0.3538413621262458,0.24596317555101618,0.9627981057615714,0.0806270764119601,0.6455713042042159,0.9804793646856268,0.8114067138167075,,acoustic/egemaps_mfcc3_sma3_stddevnorm_mean.png
mfcc_3_mean_whole,acoustic,86,1120,0.8890634670373534,0.469954318936877,1.5888923800308552,0.9632427715469691,0.085921926910299,0.5660277771614941,0.976431345132609,1.0923411429617058,,acoustic/mfcc_3_mean_whole.png
Variance of response length,ling,156,1119,0.5934882679379662,0.3569120780917026,2.503915212705988,0.9633624707201275,0.44772117962466484,2.0041857407771276e-25,0.985260886594232,0.9898598367893714,,ling/variance_of_response_length.png
egemaps_F1frequency_sma3nz_stddevNorm_whole,acoustic,86,1120,0.4242902847634269,0.3050249169435216,0.8007736147564901,0.9635984454875273,0.09850498338870434,0.39374756533897737,0.978380423606076,1.0997308615979453,,acoustic/egemaps_f1frequency_sma3nz_stddevnorm_whole.png
mfcc_9_mean_whole,acoustic,86,1120,0.232901259688677,0.1905523255813953,0.8438913401738845,0.9639750217512444,0.10562707641196012,0.3115918482758869,0.9879719923908025,1.2189725656716142,,acoustic/mfcc_9_mean_whole.png
mfcc_11_std_mean,acoustic,86,1120,3.69105499643414,0.9133513289036544,0.9333350340911982,0.9640747899964162,0.09221345514950166,0.476119162849861,0.9797996205892306,1.1063586150210845,,acoustic/mfcc_11_std_mean.png
egemaps_F2amplitudeLogRelF0_sma3nz_stddevNorm_mean,acoustic,86,1120,0.1417558555893911,0.2271594684385381,0.3350157413476823,0.9643709016359588,0.0742940199335548,0.7401593231660306,0.9867326770238569,1.17079840098665,,acoustic/egemaps_f2amplitudelogrelf0_sma3nz_stddevnorm_mean.png
egemaps_logRelF0-H1-H2_sma3nz_amean_std,acoustic,86,1120,-0.7220496073171071,0.4898671096345515,0.4443393518616577,0.9644441102130781,0.08430232558139533,0.590259199454055,0.9810622986671572,0.915612405301948,,acoustic/egemaps_logrelf0_h1_h2_sma3nz_amean_std.png
egemaps_hammarbergIndexV_sma3nz_amean_mean,acoustic,86,1120,0.0937194800969891,0.1142026578073089,0.8376735446203188,0.9647347465764698,0.0963455149501661,0.41994920107688904,0.983862992273,0.9687403406339591,,acoustic/egemaps_hammarbergindexv_sma3nz_amean_mean.png
mfcc_d7_std_std,acoustic,86,1120,0.3789928903496296,0.2958679401993355,0.7609037784616446,0.9658009949438509,0.10593853820598009,0.3079980049127869,0.9873661695436082,0.979991923410796,,acoustic/mfcc_d7_std_std.png
egemaps_F0semitoneFrom27.5Hz_sma3nz_meanFallingSlope_std,acoustic,86,1120,1.0680010523923915,0.6193936877076411,0.8852101699137989,0.966070363291597,0.08052325581395349,0.6467562287664774,0.974413901247417,0.9306865818181888,,acoustic/egemaps_f0semitonefrom27_5hz_sma3nz_meanfallingslope_std.png
egemaps_loudnessPeaksPerSec_mean,acoustic,86,1120,-2.159188313597537,0.8159676079734219,0.8745433598353546,0.9661062767620525,0.09102990033222591,0.4914042210256828,0.9889991349169601,0.869686106631913,,acoustic/egemaps_loudnesspeakspersec_mean.png
mfcc_6_mean_std,acoustic,86,1120,0.1719016133410304,0.2203073089700996,0.6516532514555785,0.9665657874099265,0.09173588039867109,0.48187045624643243,0.9861098549211985,1.0313603299428158,,acoustic/mfcc_6_mean_std.png
egemaps_VoicedSegmentsPerSec_std,acoustic,86,1120,-1.4367003478777258,0.7972383720930233,0.3230045430930895,0.9666863445822103,0.09086378737541527,0.49394430982399795,0.9895161762318797,0.8358059907957692,,acoustic/egemaps_voicedsegmentspersec_std.png
egemaps_alphaRatioV_sma3nz_amean_std,acoustic,86,1120,0.2858126895282409,0.2629152823920266,0.7741845286255914,0.966774949254083,0.12007890365448505,0.18345413746968658,0.9883815497922486,1.0485870849961945,,acoustic/egemaps_alpharatiov_sma3nz_amean_std.png
mfcc_d4_std_mean,acoustic,86,1120,3.2484596166965387,0.8507059800664452,1.31909678243363,0.9679160585452651,0.11156561461794023,0.25228079488865673,0.9902639972698353,0.7991190224311518,,acoustic/mfcc_d4_std_mean.png
sm_content_density,semantic,156,1119,-1.1342173450656097,0.7150443390389771,0.5132916184883317,0.9681336674887275,0.10522788203753353,0.08904519143741561,0.9839118858640056,0.9146280590356977,,semantic/sm_content_density.png
mfcc_8_mean_std,acoustic,86,1120,0.4554254204896729,0.3149709302325581,0.7495664744170687,0.9684155798280855,0.09611710963455153,0.4234736383734821,0.994460274760665,0.9498341443548591,,acoustic/mfcc_8_mean_std.png
egemaps_F2frequency_sma3nz_amean_whole,acoustic,86,1120,0.429609932627875,0.2602367109634552,0.873393778362999,0.9687124675638707,0.09593023255813954,0.4264482592323943,0.9872622798988185,1.1221737263445075,,acoustic/egemaps_f2frequency_sma3nz_amean_whole.png
egemaps_slopeV500-1500_sma3nz_amean_std,acoustic,86,1120,-0.1511648270627415,0.0936461794019933,0.8303107292727672,0.9693776575774543,0.08471760797342198,0.5827393973531383,0.9858354700698987,0.883260954124368,,acoustic/egemaps_slopev500_1500_sma3nz_amean_std.png
egemaps_equivalentSoundLevel_dBp_std,acoustic,86,1120,0.7376418928045497,0.3289036544850497,1.1167705446045373,0.9693780210322096,0.11015365448504982,0.26606590478338404,0.9929999641311779,0.9190376598812386,,acoustic/egemaps_equivalentsoundlevel_dbp_std.png
egemaps_mfcc2V_sma3nz_stddevNorm_mean,acoustic,86,1120,-0.0953490816005047,0.2097591362126246,0.4579112241453352,0.969760486990129,0.05417358803986716,0.962302007868925,0.9782634456610929,1.081615740239583,,acoustic/egemaps_mfcc2v_sma3nz_stddevnorm_mean.png
mfcc_d4_std_whole,acoustic,86,1120,2.638932657730128,0.8069352159468438,1.1344107741729286,0.9699419959777794,0.10797342192691028,0.28666082010940014,0.9899651978436506,0.8135936143046766,,acoustic/mfcc_d4_std_whole.png
egemaps_mfcc1V_sma3nz_amean_whole,acoustic,86,1120,0.1949261573763238,0.1056063122923588,1.0882257437530785,0.9703972008497347,0.09667774086378733,0.4166923815974923,0.981296344031769,1.019291846951786,,acoustic/egemaps_mfcc1v_sma3nz_amean_whole.png
mfcc_6_mean_whole,acoustic,86,1120,-1.0959232661145408,0.5739617940199335,0.7243106282308874,0.9704128423456274,0.09539036544850499,0.4324031102713007,0.9880547235273986,1.0411303687967604,,acoustic/mfcc_6_mean_whole.png
egemaps_hammarbergIndexV_sma3nz_amean_whole,acoustic,86,1120,-0.1208318786690314,0.1519518272425248,0.8395418437037996,0.970615872168564,0.0940406976744187,0.4513842159757558,0.9893992108819897,0.9786814104013006,,acoustic/egemaps_hammarbergindexv_sma3nz_amean_whole.png
egemaps_F0semitoneFrom27.5Hz_sma3nz_stddevFallingSlope_whole,acoustic,86,1120,1.28180167300561,0.6488372093023256,0.8083146299448577,0.9708583911954418,0.06505398671096352,0.8638811939626536,0.9744095658458667,0.92561255804644,,acoustic/egemaps_f0semitonefrom27_5hz_sma3nz_stddevfallingslope_whole.png
Mass TTR,ling,156,1119,0.0788145614162195,0.3698185192823262,0.252802563574161,0.9711390695881051,0.08343644737746614,0.27886450183988526,0.9833995766973619,1.0528801098425449,,ling/mass_ttr.png
egemaps_MeanUnvoicedSegmentLength_mean,acoustic,86,1120,1.6081366685392269,0.6479443521594683,1.1583677982398004,0.9712032910792302,0.08774916943521595,0.5394011147012875,0.9891568948899734,0.919456718842369,,acoustic/egemaps_meanunvoicedsegmentlength_mean.png
egemaps_equivalentSoundLevel_dBp_mean,acoustic,86,1120,-0.224678662529261,0.223172757475083,0.6731515949884489,0.9714387304885808,0.11127491694352154,0.2553212978977467,0.9919113508008047,0.8922037468901013,,acoustic/egemaps_equivalentsoundlevel_dbp_mean.png
mfcc_d8_std_mean,acoustic,86,1120,2.886898516327762,0.8043189368770763,1.2546658259125942,0.972246910002636,0.09408222591362127,0.4508666024361224,0.9856411937768493,1.046691517141655,,acoustic/mfcc_d8_std_mean.png
egemaps_F1frequency_sma3nz_stddevNorm_mean,acoustic,86,1120,1.044135642087523,0.5174626245847176,0.8189246851212316,0.9728148118700956,0.07610049833887043,0.7135302739535688,0.9807919692959801,1.086555911168996,,acoustic/egemaps_f1frequency_sma3nz_stddevnorm_mean.png
egemaps_F3frequency_sma3nz_stddevNorm_std,acoustic,86,1120,-1.2377557682424418,0.6603612956810632,0.5488237131762654,0.9728369243469931,0.06901993355481728,0.814622703448432,0.9939870385703836,1.1785922342069393,,acoustic/egemaps_f3frequency_sma3nz_stddevnorm_std.png
Clause per T-unit,ling,156,1119,0.7367722029145223,0.3275933182099401,1.5517185804088278,0.9728458986221544,0.09692720148484224,0.1419792046897937,0.9919561049014695,0.8812455799370732,,ling/clause_per_t_unit.png
egemaps_MeanVoicedSegmentLengthSec_std,acoustic,86,1120,-0.480736549095541,0.3520764119601328,0.6743598234198022,0.9730265385394601,0.09813122923588039,0.3973432760055327,0.9826604341067502,1.0136084272049755,,acoustic/egemaps_meanvoicedsegmentlengthsec_std.png
egemaps_equivalentSoundLevel_dBp_whole,acoustic,86,1120,-0.1393547192481959,0.2115240863787375,0.6540498682028456,0.9731892548296966,0.10687292358803979,0.2981373826313032,0.9934264357173307,0.9244604706247973,,acoustic/egemaps_equivalentsoundlevel_dbp_whole.png
egemaps_F0semitoneFrom27.5Hz_sma3nz_pctlrange0-2_whole,acoustic,86,1120,0.6634812011448344,0.4023878737541528,0.8176882103912291,0.973189617905537,0.06665282392026584,0.8447291357742626,0.9846924675063343,0.8449659424245942,,acoustic/egemaps_f0semitonefrom27_5hz_sma3nz_pctlrange0_2_whole.png
mfcc_11_std_whole,acoustic,86,1120,2.246073971643588,0.8302533222591362,0.7232489374061851,0.9733283611569656,0.09262873754152823,0.4695872810868525,0.9947266557147323,0.9182024171793955,,acoustic/mfcc_11_std_whole.png
mfcc_d11_std_std,acoustic,86,1120,-0.0330386235326205,0.1228820598006644,0.622268874885904,0.9735723936558602,0.08006644518272427,0.6532250943727486,0.9854224174238031,0.9684715800353286,,acoustic/mfcc_d11_std_std.png
mfcc_4_mean_whole,acoustic,86,1120,-0.7421954056146067,0.4088662790697673,0.6314379315082492,0.9742245292077982,0.09312707641196014,0.4636741414654251,0.9952621846422949,1.2121394303923343,,acoustic/mfcc_4_mean_whole.png
egemaps_loudness_sma3_stddevNorm_whole,acoustic,86,1120,5.182776560966732,0.98390780730897,1.4275794600538656,0.9743481189403095,0.08633720930232558,0.5592599757814379,0.9879483227518702,1.0138163589525162,,acoustic/egemaps_loudness_sma3_stddevnorm_whole.png
egemaps_StddevVoicedSegmentLengthSec_std,acoustic,86,1120,-0.1350897633599731,0.1503322259136212,0.6483282771198187,0.9744388676354265,0.08376245847176078,0.5971248249186375,0.9782875525088303,1.0224561338639648,,acoustic/egemaps_stddevvoicedsegmentlengthsec_std.png
ix_turn_rate_per_min,temporal,156,1120,-2.267758352368738,0.9255723443223444,0.2831014217797241,0.974570609323147,0.12346611721611722,0.027916883407111612,0.9847284038844333,0.8714799862221896,,temporal/ix_turn_rate_per_min.png
Health,ling,156,1120,1.9245539869798167,0.4918727106227105,5.444190275034785,0.9747106061283426,0.2830357142857143,3.4695722436398915e-10,0.9801208495404604,0.9510017546917805,,ling/health.png
egemaps_VoicedSegmentsPerSec_mean,acoustic,86,1120,-1.1115488759943477,0.4519102990033222,0.9102171370451972,0.9749026905178171,0.07672342192691028,0.7029969500463684,0.988433983403437,0.8384742572313749,,acoustic/egemaps_voicedsegmentspersec_mean.png
egemaps_hammarbergIndexUV_sma3nz_amean_mean,acoustic,86,1120,-0.0942474153918717,0.1346345514950166,0.781108240253916,0.9752714801683147,0.07749169435215952,0.6916993727789149,0.9909496070562753,0.9887672600845446,,acoustic/egemaps_hammarbergindexuv_sma3nz_amean_mean.png
mfcc_d8_std_whole,acoustic,86,1120,2.370901540399498,0.7676287375415282,1.1315926062972947,0.9753009999516912,0.10309385382059802,0.3394285422260454,0.9947694891329981,1.077928388663566,,acoustic/mfcc_d8_std_whole.png
mfcc_d12_std_mean,acoustic,86,1120,3.259713524678152,0.824750830564784,1.5549466506813427,0.9755304525024906,0.07518687707641195,0.727007771352922,0.9815114490539865,1.073275374911736,,acoustic/mfcc_d12_std_mean.png
egemaps_spectralFluxUV_sma3nz_amean_std,acoustic,86,1120,-0.8674495614062975,0.5399916943521594,0.27638119421176727,0.9758314744220425,0.09146594684385384,0.4865341044331818,0.9919126139215373,0.9451582998104188,,acoustic/egemaps_spectralfluxuv_sma3nz_amean_std.png
mfcc_1_mean_std,acoustic,86,1120,3.5368044827715845,0.8677117940199335,1.2994327110943558,0.9759165276435587,0.08698089700996676,0.5506588786381081,0.9890628459188674,1.1557853250991117,,acoustic/mfcc_1_mean_std.png
egemaps_slopeV500-1500_sma3nz_amean_whole,acoustic,86,1120,-0.0674891887791751,0.0776785714285714,0.9125298077035967,0.9761013277564567,0.10267857142857151,0.34333377128121134,0.9898520332726176,0.9138922761215069,,acoustic/egemaps_slopev500_1500_sma3nz_amean_whole.png
ix_interviewer_speech_rate_wps,temporal,156,1117,-0.8474922630608777,0.6386727268553589,0.3188550395222427,0.9761445205590193,0.0842687601863967,0.26836569466928356,0.9845990206184297,0.9558679891937669,,temporal/ix_interviewer_speech_rate_wps.png
pt_std_pause_sec,temporal,155,1116,-0.946918472206174,0.5801075268817204,0.3824923534214832,0.9762087556450719,0.060573476702508955,0.6761379911909304,0.9843231987334667,0.9077285025773041,,temporal/pt_std_pause_sec.png
egemaps_mfcc1_sma3_stddevNorm_std,acoustic,86,1120,1.17954667964825,0.6647632890365448,3.9744282923147236,0.9762410666940209,0.24194352159468438,0.0001344995835978769,0.9868511505924734,0.9021058031323628,,acoustic/egemaps_mfcc1_sma3_stddevnorm_std.png
egemaps_StddevUnvoicedSegmentLength_whole,acoustic,86,1120,1.4777043441959163,0.6791943521594683,0.981037694007178,0.9766464251945416,0.09844269102990033,0.3943568753950428,0.9867956833190804,0.9511790966344248,,acoustic/egemaps_stddevunvoicedsegmentlength_whole.png
egemaps_mfcc3_sma3_stddevNorm_whole,acoustic,86,1120,-0.0608329215613902,0.416735880398671,0.597008510002095,0.9766613301650594,0.050705980066445194,0.9793086551084662,0.9798500360335077,0.9039618417218991,,acoustic/egemaps_mfcc3_sma3_stddevnorm_whole.png
egemaps_F2bandwidth_sma3nz_stddevNorm_mean,acoustic,86,1120,2.191319001951777,0.7909260797342192,0.933268200590388,0.9768366385830173,0.08106312292358808,0.6378031471019315,0.9885274058199406,0.9142529681214728,,acoustic/egemaps_f2bandwidth_sma3nz_stddevnorm_mean.png
egemaps_mfcc4_sma3_amean_mean,acoustic,86,1120,1.167974635533742,0.5147009966777409,0.8517273845291006,0.9769305727409902,0.10348837209302325,0.33411187191220004,0.9942075194753275,1.0563292151643768,,acoustic/egemaps_mfcc4_sma3_amean_mean.png
egemaps_F1frequency_sma3nz_amean_whole,acoustic,86,1120,0.0415389121141614,0.0893895348837209,0.9953935558282149,0.9770694163213973,0.09107142857142857,0.4909356315465173,0.9893641854020931,0.9591360696019872,,acoustic/egemaps_f1frequency_sma3nz_amean_whole.png
egemaps_mfcc3V_sma3nz_stddevNorm_mean,acoustic,86,1120,0.0323937127839071,0.176017441860465,0.801044983037654,0.9770958448488712,0.06042358803986714,0.9139602918333787,0.9935648885981379,1.1933767062613883,,acoustic/egemaps_mfcc3v_sma3nz_stddevnorm_mean.png
egemaps_mfcc2V_sma3nz_amean_std,acoustic,86,1120,0.6018440307821499,0.3810423588039867,0.7821606502097455,0.9771043705376261,0.08729235880398671,0.5450427746583768,0.9849006595907965,0.8814823527223795,,acoustic/egemaps_mfcc2v_sma3nz_amean_std.png
egemaps_F0semitoneFrom27.5Hz_sma3nz_stddevRisingSlope_mean,acoustic,86,1120,3.797470976659113,0.8613995016611296,1.7401755824298313,0.9771532412511972,0.07036960132890357,0.7952604129427827,0.9806254461523773,0.9070729068102793,,acoustic/egemaps_f0semitonefrom27_5hz_sma3nz_stddevrisingslope_mean.png
mfcc_9_mean_mean,acoustic,86,1120,0.6454932806038269,0.3843023255813952,0.9589699147291915,0.9772282303134112,0.08417774086378738,0.5921032823933307,0.9876094815337901,1.1225234200307819,,acoustic/mfcc_9_mean_mean.png
egemaps_loudness_sma3_stddevNorm_mean,acoustic,86,1120,7.240715036913602,1.0,1.5923603036014626,0.9773247821219802,0.078156146179402,0.6824879158744803,0.9879473648659928,1.0086323744928003,,acoustic/egemaps_loudness_sma3_stddevnorm_mean.png
pt_long_pause_per_min,temporal,155,1116,-0.9157123713226206,0.7415770609318997,0.10548315282428163,0.9773605156870471,0.1693548387096774,0.0007005280052214116,0.9892438833931539,0.8477659544340986,,temporal/pt_long_pause_per_min.png
egemaps_loudness_sma3_percentile80.0_std,acoustic,86,1120,-0.2248069245263253,0.1505813953488373,0.7067864348951488,0.977378212084956,0.10303156146179401,0.340168010447408,0.9927890007386705,1.065143606699,,acoustic/egemaps_loudness_sma3_percentile80_0_std.png
egemaps_F2frequency_sma3nz_amean_mean,acoustic,86,1120,0.7323420312819593,0.4158014950166113,0.5475552311795795,0.9775076408686225,0.07607973421926906,0.7137494527218041,0.9791497180189912,1.0266017070627664,,acoustic/egemaps_f2frequency_sma3nz_amean_mean.png
mfcc_11_mean_mean,acoustic,86,1120,-0.0256518889715288,0.0781146179401993,1.078427827492132,0.9782240658649074,0.08382475083056484,0.5960619986999077,0.9844592633892885,1.0311241024111046,,acoustic/mfcc_11_mean_mean.png
egemaps_slopeV0-500_sma3nz_stddevNorm_std,acoustic,86,1120,-0.0785175796762886,0.1853612956810631,0.1772263485791789,0.9783146696202795,0.3372093023255814,1.3257423001518234e-08,0.9880243112170046,1.1361648580874912,,acoustic/egemaps_slopev0_500_sma3nz_stddevnorm_std.png
mfcc_d1_std_mean,acoustic,86,1120,3.6867953768207142,0.8999169435215947,1.231044772359982,0.9787211412482127,0.10415282392026581,0.32722879821593903,0.9904191587869676,1.0332657907643354,,acoustic/mfcc_d1_std_mean.png
egemaps_logRelF0-H1-A3_sma3nz_amean_std,acoustic,86,1120,-0.1049958255960728,0.1195182724252491,0.5909655650502699,0.9787471588219777,0.06839700996677739,0.8223853790432134,0.9856497712117804,0.9796744162643096,,acoustic/egemaps_logrelf0_h1_a3_sma3nz_amean_std.png
Measure of lexical textual diversity [mtld_ma_wrap],ling,156,1119,-0.3317305340425259,0.2302192892005223,0.6966013062486255,0.9787662120020454,0.07147521825806008,0.46276500320146774,0.986782297079907,1.074140260389845,,ling/measure_of_lexical_textual_diversity_mtld_ma_wrap.png
egemaps_mfcc4_sma3_amean_whole,acoustic,86,1120,1.0557487410648647,0.4727367109634551,0.8521282435985121,0.9792360154027201,0.1016611295681063,0.3549081401120105,0.9945407121235242,1.0259790590416151,,acoustic/egemaps_mfcc4_sma3_amean_whole.png
egemaps_spectralFlux_sma3_amean_std,acoustic,86,1120,-0.6441027137545806,0.3791112956810631,0.398245796502991,0.9794555655146212,0.07086794019933551,0.7893414519427213,0.9886609169121743,0.8979126987751909,,acoustic/egemaps_spectralflux_sma3_amean_std.png
mfcc_d10_std_whole,acoustic,86,1120,2.1024125279433545,0.7122093023255813,1.1294556417737271,0.9795867885309054,0.0809593023255814,0.6397379777516498,0.993789695498618,1.0109008514138031,,acoustic/mfcc_d10_std_whole.png
sm_semantic_spread,semantic,156,1117,0.8771295957854739,0.3912494548125703,0.9461211479674682,0.9796732689250901,0.1143057181553152,0.05116751278588032,0.9911638882283939,0.871918737130882,,semantic/sm_semantic_spread.png
mfcc_10_std_whole,acoustic,86,1120,1.8098283182699535,0.6442068106312292,1.0164621940324778,0.9797108848062108,0.09057308970099667,0.49902447851032944,0.9894102172047188,1.0739955333992324,,acoustic/mfcc_10_std_whole.png
egemaps_loudness_sma3_amean_mean,acoustic,86,1120,-0.9566963251820771,0.470203488372093,0.5806682611473741,0.9797227677895637,0.11424418604651161,0.2286814385003569,0.9940550558890165,0.9991213879882812,,acoustic/egemaps_loudness_sma3_amean_mean.png
egemaps_hammarbergIndexV_sma3nz_stddevNorm_std,acoustic,86,1120,0.6948126722703043,0.5753945182724252,1.8529770069282898,0.9800330691144169,0.16777408637873753,0.0195398874540448,0.9854025796053099,0.9901826224164767,,acoustic/egemaps_hammarbergindexv_sma3nz_stddevnorm_std.png
egemaps_mfcc3V_sma3nz_amean_mean,acoustic,86,1120,0.005047226358035,0.0830980066445182,0.8907431263014031,0.9801798428976645,0.08255813953488367,0.6162948343132841,0.9923181342824868,0.9563158041031761,,acoustic/egemaps_mfcc3v_sma3nz_amean_mean.png
egemaps_mfcc3V_sma3nz_amean_whole,acoustic,86,1120,-0.0722495284537984,0.0919019933554816,0.8582984790102166,0.9802181088256472,0.0927948504983388,0.46701902776234094,0.9950527018906159,0.9233385377076933,,acoustic/egemaps_mfcc3v_sma3nz_amean_whole.png
egemaps_F3frequency_sma3nz_stddevNorm_whole,acoustic,86,1120,0.6134179662527006,0.3120016611295681,0.8286742200648151,0.980536017520487,0.0695390365448505,0.8065129426992115,0.9903419335039417,0.8794798511443052,,acoustic/egemaps_f3frequency_sma3nz_stddevnorm_whole.png
egemaps_hammarbergIndexUV_sma3nz_amean_whole,acoustic,86,1120,0.0433533952434846,0.1012250830564783,0.7968379945173479,0.9805867457541488,0.06650747508305646,0.846859009879816,0.9895802655330873,1.0056136012848214,,acoustic/egemaps_hammarbergindexuv_sma3nz_amean_whole.png
egemaps_F0semitoneFrom27.5Hz_sma3nz_meanRisingSlope_std,acoustic,86,1120,2.085484296144498,0.7050041528239203,1.3667923304411247,0.9806326547022771,0.07616279069767441,0.7127363340358124,0.981478916198142,1.006078596691875,,acoustic/egemaps_f0semitonefrom27_5hz_sma3nz_meanrisingslope_std.png
mfcc_d6_std_whole,acoustic,86,1120,2.2199791944619665,0.7452657807308969,0.97888991319555,0.9807544861539611,0.07612126245847177,0.7132880648788114,0.993425927848317,1.1128895620497368,,acoustic/mfcc_d6_std_whole.png
mfcc_d13_std_whole,acoustic,86,1120,1.973651782608304,0.6566860465116279,1.2693290350521038,0.9807803537955099,0.09943936877076412,0.38231735489873653,0.9821649988688599,1.0274785231558665,,acoustic/mfcc_d13_std_whole.png
mfcc_12_std_whole,acoustic,86,1120,2.2197372765918977,0.7729651162790697,1.1207446938553074,0.9808366133528078,0.07805232558139541,0.6843406781262674,0.9892722880420175,1.1276223629039719,,acoustic/mfcc_12_std_whole.png
Complex T-unit ratio,ling,156,1119,0.5166168207345178,0.2581631951605142,1.0077906490252437,0.9808562607488231,0.07632157833230219,0.3811534817510498,0.9951230346080885,0.849895830135604,,ling/complex_t_unit_ratio.png
egemaps_slopeV500-1500_sma3nz_amean_mean,acoustic,86,1120,-0.0381978199891539,0.082267441860465,0.9079510734839472,0.9809168105985814,0.0848214285714286,0.581319818396691,0.9916392977798492,0.9700062262475779,,acoustic/egemaps_slopev500_1500_sma3nz_amean_mean.png
mfcc_13_mean_mean,acoustic,86,1120,0.240252613742346,0.1908014950166113,0.6244846116665698,0.9809172055500983,0.09329318936877073,0.46135424436118694,0.9906587075330341,1.0693318050046883,,acoustic/mfcc_13_mean_mean.png
mfcc_6_std_whole,acoustic,86,1120,2.8402567225980384,0.9079318936877075,0.889838615439959,0.9811216861266904,0.06575996677740858,0.8557620490956385,0.9910443665623029,1.0992343773775355,,acoustic/mfcc_6_std_whole.png
egemaps_F3frequency_sma3nz_amean_std,acoustic,86,1120,-0.7193499879745526,0.401391196013289,0.3479889649183405,0.9814058713952212,0.1181063122923588,0.19794968469939417,0.9917981647519386,1.1469637580065324,,acoustic/egemaps_f3frequency_sma3nz_amean_std.png
mfcc_9_std_whole,acoustic,86,1120,2.2384953778360104,0.7363995016611296,1.0007753529744154,0.9815036265595416,0.08068936877076412,0.6446314953532802,0.9918350968125441,0.9854133698559919,,acoustic/mfcc_9_std_whole.png
egemaps_alphaRatioV_sma3nz_stddevNorm_whole,acoustic,86,1120,-1.1435790415479536,0.698920265780731,0.7592465088371962,0.9816454746719045,0.06044435215946847,0.9137328967714775,0.9894316328879589,0.8807323564191232,,acoustic/egemaps_alpharatiov_sma3nz_stddevnorm_whole.png
mfcc_d5_std_std,acoustic,86,1120,0.6412988322861554,0.4103197674418604,0.7720835823980767,0.9816463668289716,0.06451411960132891,0.8710869644350024,0.9867234681312651,1.0006496647718932,,acoustic/mfcc_d5_std_std.png
mfcc_5_std_whole,acoustic,86,1120,2.5409965197904625,0.8186669435215946,0.9280347675851106,0.9817378761297322,0.08203903654485056,0.6228829568560538,0.9863217807011335,0.9508674175828342,,acoustic/mfcc_5_std_whole.png
egemaps_F1amplitudeLogRelF0_sma3nz_amean_std,acoustic,86,1120,-0.8429494080619925,0.4675872093023255,0.6462530470840158,0.9818065330358019,0.06870847176079733,0.8176412852553216,0.9937202989907179,0.8568856526367112,,acoustic/egemaps_f1amplitudelogrelf0_sma3nz_amean_std.png
mfcc_d12_std_whole,acoustic,86,1120,2.364558529025227,0.7694559800664452,1.2461950042458794,0.9818292298198967,0.08357558139534882,0.6006010819898797,0.9946548359357392,1.074598641981323,,acoustic/mfcc_d12_std_whole.png
mfcc_10_std_std,acoustic,86,1120,0.4287801869514531,0.2408014950166113,0.9104635434597133,0.9818295061852355,0.07888289036544849,0.6719206922280314,0.9939142949386238,1.1209196953461755,,acoustic/mfcc_10_std_std.png
egemaps_F0semitoneFrom27.5Hz_sma3nz_meanRisingSlope_mean,acoustic,86,1120,3.1505815412050264,0.8605481727574751,1.3252397288318025,0.981835195619427,0.10423588039867107,0.32607126518193214,0.9949221403351454,0.947819725563673,,acoustic/egemaps_f0semitonefrom27_5hz_sma3nz_meanrisingslope_mean.png
mfcc_11_mean_whole,acoustic,86,1120,-0.1792131280645923,0.1838455149501662,0.8645848226983813,0.9821693821368304,0.09003322259136215,0.5054640648642799,0.9853354398225337,0.9897253597135748,,acoustic/mfcc_11_mean_whole.png
egemaps_shimmerLocaldB_sma3nz_stddevNorm_mean,acoustic,86,1120,2.304137991016145,0.8274916943521595,0.8531104550710426,0.9821952110177496,0.0649294019933554,0.865596439534222,0.9889496778016245,0.9964414358207282,,acoustic/egemaps_shimmerlocaldb_sma3nz_stddevnorm_mean.png
egemaps_F3bandwidth_sma3nz_amean_mean,acoustic,86,1120,0.0025798931785454,0.1293397009966778,0.6548558194300471,0.9823486604858878,0.06152408637873753,0.9028299010204411,0.9920230838431733,0.8675367687913995,,acoustic/egemaps_f3bandwidth_sma3nz_amean_mean.png
egemaps_mfcc4V_sma3nz_stddevNorm_mean,acoustic,86,1120,-0.0086817121177812,0.2051287375415282,0.7238335003133879,0.9825226589449958,0.07734634551495018,0.6943747565295256,0.9896742006708645,0.9291908241547315,,acoustic/egemaps_mfcc4v_sma3nz_stddevnorm_mean.png
mfcc_d8_std_std,acoustic,86,1120,0.239344197269727,0.2353820598006644,0.8251168912805246,0.9825397134315713,0.05759966777408637,0.9387826094274878,0.9825886475347428,0.9745254145657934,,acoustic/mfcc_d8_std_std.png
egemaps_F0semitoneFrom27.5Hz_sma3nz_percentile20.0_std,acoustic,86,1120,-0.6774871403159635,0.3853612956810631,0.46586457016152205,0.9826180891503993,0.07786544850498338,0.6869940594573417,0.9905641341470497,1.1186456587870277,,acoustic/egemaps_f0semitonefrom27_5hz_sma3nz_percentile20_0_std.png
egemaps_F3frequency_sma3nz_amean_whole,acoustic,86,1120,0.6889707298672842,0.3558347176079734,0.7924184224266669,0.982619299471585,0.0877906976744186,0.5388849536939644,0.9935590314826698,1.1378521781694309,,acoustic/egemaps_f3frequency_sma3nz_amean_whole.png
egemaps_loudness_sma3_stddevRisingSlope_whole,acoustic,86,1120,0.3562771695592023,0.210735049833887,0.8147412240159966,0.9827464635872762,0.08725083056478405,0.5457978018561748,0.9953424926574039,0.9939471376784187,,acoustic/egemaps_loudness_sma3_stddevrisingslope_whole.png
egemaps_spectralFluxV_sma3nz_amean_mean,acoustic,86,1120,-0.3692417754468931,0.2758305647840531,0.46442256055010084,0.9828535630276095,0.10348837209302325,0.33411187191220004,0.9955723091647948,0.8662198075221079,,acoustic/egemaps_spectralfluxv_sma3nz_amean_mean.png
egemaps_slopeV0-500_sma3nz_amean_std,acoustic,86,1120,-0.1094426622984368,0.1060838870431893,0.7456761698083236,0.9829116207603403,0.06501245847176074,0.8644482640524636,0.9924975096582727,0.8866168271562901,,acoustic/egemaps_slopev0_500_sma3nz_amean_std.png
egemaps_loudness_sma3_percentile20.0_whole,acoustic,86,1120,-2.4025451159318614,0.9848214285714286,0.25329447488526924,0.9829907576651435,0.09638704318936876,0.4194496507725441,0.9862085822158855,1.0612044811787538,,acoustic/egemaps_loudness_sma3_percentile20_0_whole.png
egemaps_F2bandwidth_sma3nz_amean_std,acoustic,86,1120,-0.8978890951606058,0.509468438538206,0.32633849200808024,0.9831245075066792,0.10481727574750829,0.3204004579631758,0.9962823637794573,1.1730136864637082,,acoustic/egemaps_f2bandwidth_sma3nz_amean_std.png
egemaps_F1amplitudeLogRelF0_sma3nz_stddevNorm_whole,acoustic,86,1120,0.2005026523814584,0.2237541528239202,0.6376221187942347,0.9831267166623308,0.06993355481727576,0.8022678271929613,0.9951202159631523,1.158089991873692,,acoustic/egemaps_f1amplitudelogrelf0_sma3nz_stddevnorm_whole.png
egemaps_logRelF0-H1-A3_sma3nz_amean_mean,acoustic,86,1120,0.1862981714296394,0.1168397009966777,0.9087199571144388,0.9833730544435226,0.07933970099667774,0.6636817419482303,0.986185392643935,0.9465517998087006,,acoustic/egemaps_logrelf0_h1_a3_sma3nz_amean_mean.png
mfcc_11_std_std,acoustic,86,1120,0.3138985230732514,0.2396594684385382,0.7515689931516044,0.9834979711104217,0.08068936877076405,0.6446314953532802,0.9935415582323042,1.1054611159573138,,acoustic/mfcc_11_std_std.png
mfcc_d12_std_std,acoustic,86,1120,0.1062156981757013,0.1727782392026577,0.7026430396596323,0.9835443035380659,0.06540697674418605,0.8605536574276282,0.9888846293480389,1.0587543715251062,,acoustic/mfcc_d12_std_std.png
egemaps_loudness_sma3_stddevNorm_std,acoustic,86,1120,4.580707872208828,0.918687707641196,1.9794711141489432,0.9835857921728844,0.07526993355481726,0.7259914406201724,0.9933806894634389,1.0759481458297993,,acoustic/egemaps_loudness_sma3_stddevnorm_std.png
mfcc_2_std_whole,acoustic,86,1120,4.779137488985859,0.9740863787375414,0.9993543689908272,0.9838663064806284,0.06569767441860463,0.8566497779198636,0.9908355026687612,0.9578172218897805,,acoustic/mfcc_2_std_whole.png
egemaps_HNRdBACF_sma3nz_stddevNorm_mean,acoustic,86,1120,0.1389242237568259,0.4951204318936877,0.13383203401833535,0.9839734925148416,0.06050664451827242,0.9130479476294768,0.9890943710614406,0.9387985047250316,,acoustic/egemaps_hnrdbacf_sma3nz_stddevnorm_mean.png
egemaps_F0semitoneFrom27.5Hz_sma3nz_stddevNorm_std,acoustic,86,1120,0.7356969692542565,0.393376245847176,1.0535398497869028,0.9839849343548246,0.07738787375415285,0.6936056708068816,0.9947289551309544,1.1308428285662113,,acoustic/egemaps_f0semitonefrom27_5hz_sma3nz_stddevnorm_std.png
egemaps_mfcc2_sma3_stddevNorm_mean,acoustic,86,1120,-0.0205817531175067,0.1982558139534883,0.213104761982105,0.984024474997727,0.0488372093023256,0.9858829196216123,0.9853332644658397,1.0310665537117956,,acoustic/egemaps_mfcc2_sma3_stddevnorm_mean.png
mfcc_8_mean_whole,acoustic,86,1120,-0.7874975285030021,0.5588039867109634,0.5046799855077067,0.9842193217893328,0.07217607973421925,0.7698260319882236,0.9887927747865248,0.9370597770440716,,acoustic/mfcc_8_mean_whole.png
mfcc_6_std_std,acoustic,86,1120,0.1611712992158535,0.124750830564784,0.8442570938928622,0.9842461694932171,0.06455564784053158,0.8706043293929189,0.9946376933042601,1.1186267560442866,,acoustic/mfcc_6_std_std.png
ix_mean_response_latency_sec,temporal,156,1115,0.1979869392496508,0.39332528458089,0.3754378442736551,0.9842628388354915,0.08467287570426585,0.26339631018695014,0.993401780695583,0.9534340794439169,,temporal/ix_mean_response_latency_sec.png
egemaps_F1bandwidth_sma3nz_amean_mean,acoustic,86,1120,-0.2345011336835163,0.2872300664451827,0.6208654860199203,0.9842738795195766,0.06503322259136213,0.8641634818531446,0.9903340128932951,0.9070982930106222,,acoustic/egemaps_f1bandwidth_sma3nz_amean_mean.png
mfcc_d10_std_std,acoustic,86,1120,0.1343115995034021,0.1379152823920266,0.7447582675453606,0.9844366562012925,0.062209302325581306,0.8960633317562835,0.9928746457176054,0.965274039976676,,acoustic/mfcc_d10_std_std.png
egemaps_F3bandwidth_sma3nz_stddevNorm_mean,acoustic,86,1120,1.3493411938332562,0.5873131229235881,0.7891177525024695,0.984571429657973,0.06995431893687704,0.8019652073837135,0.9942387052068459,0.8676783142877761,,acoustic/egemaps_f3bandwidth_sma3nz_stddevnorm_mean.png
egemaps_jitterLocal_sma3nz_stddevNorm_whole,acoustic,86,1120,0.3401566335418465,0.3086794019933554,0.49515039390194465,0.984604844420467,0.0618147840531561,0.9006113671923508,0.9888835181559048,0.9740055071643553,,acoustic/egemaps_jitterlocal_sma3nz_stddevnorm_whole.png
egemaps_jitterLocal_sma3nz_amean_whole,acoustic,86,1120,0.3341643676679311,0.2907599667774087,0.7043671123478542,0.9847227687138532,0.08681478405315615,0.5528864666173877,0.9891524805569177,1.0283999567278637,,acoustic/egemaps_jitterlocal_sma3nz_amean_whole.png
mfcc_8_std_mean,acoustic,86,1120,3.9860006572515534,0.95265780730897,1.078823696540032,0.9847253633392183,0.0702242524916944,0.7976503458621886,0.9938272661704851,1.0273179990129435,,acoustic/mfcc_8_std_mean.png
egemaps_jitterLocal_sma3nz_stddevNorm_std,acoustic,86,1120,-0.387192203615069,0.2961378737541528,0.5539119537134117,0.9847428006971795,0.07674418604651156,0.702699894080208,0.9893565998859433,0.9051093908500074,,acoustic/egemaps_jitterlocal_sma3nz_stddevnorm_std.png
egemaps_F3frequency_sma3nz_stddevNorm_mean,acoustic,86,1120,1.2962148137270222,0.5783222591362126,0.7639843880017523,0.9848799028832136,0.0838662790697674,0.595424427141645,0.993741674244911,0.9188129296605905,,acoustic/egemaps_f3frequency_sma3nz_stddevnorm_mean.png
Dependent clause per clause,ling,156,1119,0.3219311220832602,0.2148037396026672,0.9383903752943553,0.9849005530182655,0.08890149171650508,0.2148345952557131,0.9901186800093219,0.9117185422668123,,ling/dependent_clause_per_clause.png
egemaps_jitterLocal_sma3nz_amean_mean,acoustic,86,1120,0.2715633700563701,0.2291320598006644,0.754730433697256,0.9849765698653129,0.07788621262458473,0.6867763247140845,0.9913636378003813,1.0200163105089635,,acoustic/egemaps_jitterlocal_sma3nz_amean_mean.png
mfcc_1_std_whole,acoustic,86,1120,5.427656095252883,0.9973214285714286,1.081743595475666,0.9849886827140464,0.06634136212624583,0.849165419332537,0.9946997527441128,1.1369492837276702,,acoustic/mfcc_1_std_whole.png
mfcc_4_std_std,acoustic,86,1120,0.5840206944231724,0.3362333887043189,0.8391283144685703,0.9854037104124046,0.07485465116279066,0.7309002632212033,0.9891646493919146,1.0430217243972153,,acoustic/mfcc_4_std_std.png
ix_median_response_latency_sec,temporal,156,1115,0.2432006110780744,0.3705070714039323,0.44241147873554365,0.9854093893867382,0.08071748878923767,0.31551487620783125,0.9907306846946136,0.8934599183237886,,temporal/ix_median_response_latency_sec.png
egemaps_F3amplitudeLogRelF0_sma3nz_stddevNorm_std,acoustic,86,1120,-0.1706430656469819,0.3716362126245847,0.17092722459615997,0.9854106288075482,0.05830564784053155,0.9332287785420899,0.991005781717871,1.0136328146724405,,acoustic/egemaps_f3amplitudelogrelf0_sma3nz_stddevnorm_std.png
egemaps_StddevVoicedSegmentLengthSec_whole,acoustic,86,1120,0.3123481556687871,0.2275539867109634,0.718216606486316,0.9856642481659764,0.08652408637873754,0.5560158818607409,0.9913110782538973,0.9422679218523565,,acoustic/egemaps_stddevvoicedsegmentlengthsec_whole.png
egemaps_F0semitoneFrom27.5Hz_sma3nz_percentile80.0_whole,acoustic,86,1120,0.1239210117801876,0.1301287375415282,0.6722170161984429,0.9856655735202223,0.06227159468438537,0.895305292776818,0.9933781844397037,0.9010964437303743,,acoustic/egemaps_f0semitonefrom27_5hz_sma3nz_percentile80_0_whole.png
egemaps_alphaRatioUV_sma3nz_amean_whole,acoustic,86,1120,0.2703340496992603,0.1451204318936877,0.8750306431991234,0.9857200954029405,0.08417774086378738,0.5921032823933307,0.9962304931396471,1.1112709927525866,,acoustic/egemaps_alpharatiouv_sma3nz_amean_whole.png
egemaps_F2frequency_sma3nz_amean_std,acoustic,86,1120,-0.7980216354438301,0.4425041528239202,0.340385581637778,0.9858731253668374,0.0664244186046512,0.8480440790677681,0.9934955815560227,1.1200236879912815,,acoustic/egemaps_f2frequency_sma3nz_amean_std.png
egemaps_F1bandwidth_sma3nz_amean_std,acoustic,86,1120,-0.7192664651272274,0.4150332225913621,0.3256469315316508,0.9858780082622743,0.08899501661129566,0.5207339476137693,0.9937649439896223,1.0750569704919135,,acoustic/egemaps_f1bandwidth_sma3nz_amean_std.png
egemaps_F0semitoneFrom27.5Hz_sma3nz_meanFallingSlope_whole,acoustic,86,1120,0.96582026132632,0.5487749169435215,0.7899726388679258,0.9862122202705099,0.0755606312292359,0.7210314413195864,0.9870288145958177,0.9598880387490455,,acoustic/egemaps_f0semitonefrom27_5hz_sma3nz_meanfallingslope_whole.png
mfcc_9_std_std,acoustic,86,1120,0.2938582390972636,0.2236503322259135,0.8477806180035108,0.9863034652240413,0.05637458471760797,0.9480654472165257,0.9888260776013797,1.0596249640999011,,acoustic/mfcc_9_std_std.png
egemaps_loudness_sma3_stddevFallingSlope_std,acoustic,86,1120,0.133510030595516,0.1595514950166113,0.7802528361513102,0.9863595179675178,0.06893687707641194,0.8156139911538142,0.9913756939377776,0.900498048641667,,acoustic/egemaps_loudness_sma3_stddevfallingslope_std.png
egemaps_F0semitoneFrom27.5Hz_sma3nz_percentile50.0_whole,acoustic,86,1120,-0.1424932765364238,0.1801495016611296,0.7169977697452254,0.9863972738719298,0.08193521594684394,0.624710776347781,0.994159875992004,0.9117097290649004,,acoustic/egemaps_f0semitonefrom27_5hz_sma3nz_percentile50_0_whole.png
egemaps_HNRdBACF_sma3nz_amean_whole,acoustic,86,1120,-0.0058162131139963,0.0856519933554817,0.8324602516099715,0.9865404771358627,0.06629983388704319,0.8496729147173474,0.994695727664514,0.8782239508700497,,acoustic/egemaps_hnrdbacf_sma3nz_amean_whole.png
egemaps_spectralFluxV_sma3nz_amean_std,acoustic,86,1120,-0.624316944048896,0.3775332225913621,0.42860101091204345,0.9865457663847947,0.06503322259136213,0.8641634818531446,0.9897537834697114,0.9346303259128372,,acoustic/egemaps_spectralfluxv_sma3nz_amean_std.png
egemaps_HNRdBACF_sma3nz_stddevNorm_whole,acoustic,86,1120,0.2234580396545961,0.345078903654485,0.23109252938957073,0.9865638474451062,0.058367940199335555,0.9326641870390794,0.9938852310965209,0.8896345635647022,,acoustic/egemaps_hnrdbacf_sma3nz_stddevnorm_whole.png
egemaps_HNRdBACF_sma3nz_amean_mean,acoustic,86,1120,0.1835465170811354,0.1410091362126245,0.8405151633757139,0.986679857977799,0.08208056478405315,0.6222373252072823,0.9946884257420553,0.8774901340491492,,acoustic/egemaps_hnrdbacf_sma3nz_amean_mean.png
Verb phrase per T-unit,ling,156,1119,-0.3806174459895086,0.2483845466419192,1.246377457287677,0.9867242933767578,0.04985564033821399,0.86639231158897,0.9927610233878333,0.9074137863321,,ling/verb_phrase_per_t_unit.png
mfcc_d11_std_whole,acoustic,86,1120,2.224015530152532,0.7586586378737541,1.0312771963624368,0.9867571134518512,0.05735049833887043,0.9409033779794653,0.9906645151739283,1.0665011726515021,,acoustic/mfcc_d11_std_whole.png
mfcc_3_mean_std,acoustic,86,1120,0.8365496261742966,0.5105897009966777,0.6511098149807043,0.9867692699332786,0.07487541528239201,0.7305482186490918,0.9950264588394512,0.9037893798361276,,acoustic/mfcc_3_mean_std.png
egemaps_shimmerLocaldB_sma3nz_amean_whole,acoustic,86,1120,0.8214838123110114,0.3997093023255814,0.8685013732409571,0.9870158326751004,0.0676495016611296,0.8317932003531182,0.9932042603847674,0.9484310270565894,,acoustic/egemaps_shimmerlocaldb_sma3nz_amean_whole.png
egemaps_spectralFluxV_sma3nz_stddevNorm_whole,acoustic,86,1120,1.1414275859679643,0.6238164451827242,0.7309882941931302,0.9870898003692088,0.07705564784053155,0.6993962575733743,0.99148733971029,1.085189585410226,,acoustic/egemaps_spectralfluxv_sma3nz_stddevnorm_whole.png
egemaps_F1bandwidth_sma3nz_stddevNorm_std,acoustic,86,1120,0.30146994521331,0.2318936877076412,0.8800612686896898,0.9871352243032941,0.06536544850498338,0.8609862812972207,0.9922411227280757,1.045269383662333,,acoustic/egemaps_f1bandwidth_sma3nz_stddevnorm_std.png
egemaps_F0semitoneFrom27.5Hz_sma3nz_stddevNorm_mean,acoustic,86,1120,2.669057619124628,0.818625415282392,1.2992112073876354,0.9873076007112955,0.10056063122923586,0.36838939115019614,0.9933091320768133,0.9264749775961532,,acoustic/egemaps_f0semitonefrom27_5hz_sma3nz_stddevnorm_mean.png
egemaps_F0semitoneFrom27.5Hz_sma3nz_amean_mean,acoustic,86,1120,0.2274822842903815,0.1400955149501661,0.6975781987917742,0.9873265812362786,0.06866694352159468,0.8182063850172708,0.9935684062964607,0.893795453550329,,acoustic/egemaps_f0semitonefrom27_5hz_sma3nz_amean_mean.png
egemaps_loudness_sma3_pctlrange0-2_std,acoustic,86,1120,0.1866174156378823,0.1699958471760797,0.8637016971289808,0.9873911561676117,0.07543604651162791,0.7232689021152128,0.9915446390047287,1.0132136723750025,,acoustic/egemaps_loudness_sma3_pctlrange0_2_std.png
mfcc_3_std_whole,acoustic,86,1120,3.007351854903888,0.9070598006644518,0.899208507826128,0.9873950331679555,0.0726328903654484,0.7644252527883335,0.9958947958362784,1.0714514607292365,,acoustic/mfcc_3_std_whole.png
Measure of textual lexical diversity,ling,156,1119,-0.3252734382967634,0.236646731284801,0.5638369947781331,0.987420513368165,0.04506083728603836,0.9304288497080176,0.9912111839069441,1.0541564415508504,,ling/measure_of_textual_lexical_diversity.png
egemaps_F3bandwidth_sma3nz_stddevNorm_whole,acoustic,86,1120,0.6674620993856298,0.3369601328903654,0.836552950361505,0.9874452419644291,0.0722383720930233,0.7688304148798771,0.990184823451405,0.9207105512897128,,acoustic/egemaps_f3bandwidth_sma3nz_stddevnorm_whole.png
egemaps_logRelF0-H1-H2_sma3nz_amean_whole,acoustic,86,1120,-0.3362530062786676,0.2216362126245847,0.8725894501739533,0.9875736478902993,0.0676079734219269,0.8324276761091859,0.9956564694349886,0.9476388672640117,,acoustic/egemaps_logrelf0_h1_h2_sma3nz_amean_whole.png
egemaps_F0semitoneFrom27.5Hz_sma3nz_percentile50.0_mean,acoustic,86,1120,0.0046527592461848,0.1203073089700996,0.7055380900528558,0.9876159260538102,0.07566445182724257,0.7191459680083275,0.9955514354260442,0.9340756694072863,,acoustic/egemaps_f0semitonefrom27_5hz_sma3nz_percentile50_0_mean.png
egemaps_hammarbergIndexV_sma3nz_stddevNorm_whole,acoustic,86,1120,2.153263481225124,0.7747923588039867,1.077942055561848,0.9877272985794999,0.05637458471760797,0.9480654472165257,0.9929955845054151,0.975054915026066,,acoustic/egemaps_hammarbergindexv_sma3nz_stddevnorm_whole.png
egemaps_slopeUV500-1500_sma3nz_amean_std,acoustic,86,1120,0.2859664204150675,0.2049418604651162,0.8203830998562015,0.9878426936155372,0.06627906976744186,0.849903452556811,0.990619722269638,1.0416005220605304,,acoustic/egemaps_slopeuv500_1500_sma3nz_amean_std.png
egemaps_loudness_sma3_percentile80.0_mean,acoustic,86,1120,-0.4828202526370788,0.2483803986710963,0.7100985257416577,0.9879985241437647,0.12225913621262458,0.16799349215967974,0.995885632348142,0.943157811440948,,acoustic/egemaps_loudness_sma3_percentile80_0_mean.png
mfcc_1_mean_mean,acoustic,86,1120,-2.6718663792407584,0.8105066445182725,1.0238051769213456,0.98810467541138,0.07998338870431887,0.6547853065077187,0.994839991300847,1.0075817660481947,,acoustic/mfcc_1_mean_mean.png
egemaps_shimmerLocaldB_sma3nz_amean_mean,acoustic,86,1120,0.9055720744784131,0.4211378737541528,0.9307437807703761,0.98821309305465,0.08639950166112953,0.558115223613373,0.9906396268378387,0.9261684207144443,,acoustic/egemaps_shimmerlocaldb_sma3nz_amean_mean.png
pt_speech_rate_wps,temporal,156,1120,-0.7644052649743474,0.3983974358974359,0.7492407981439817,0.9883504827812,0.04750457875457875,0.9004041616461694,0.994269640921523,0.8935623258149793,,temporal/pt_speech_rate_wps.png
egemaps_F0semitoneFrom27.5Hz_sma3nz_meanFallingSlope_mean,acoustic,86,1120,1.920678265343462,0.7023878737541527,1.1619497478007859,0.988379653386206,0.06517857142857142,0.8623784771279945,0.9893124544201151,0.9796428790850706,,acoustic/egemaps_f0semitonefrom27_5hz_sma3nz_meanfallingslope_mean.png
mfcc_13_std_std,acoustic,86,1120,0.3585416088283499,0.2522425249169435,0.8726728451063525,0.9884588689127083,0.0600498338870432,0.9178888545250459,0.9936484790693457,1.0756768958707013,,acoustic/mfcc_13_std_std.png
egemaps_spectralFluxV_sma3nz_stddevNorm_mean,acoustic,86,1120,3.4540041810095032,0.9445805647840532,0.8612241422927011,0.9888097613450283,0.0738579734219269,0.7458271528343132,0.9893491476435812,0.9832745214697208,,acoustic/egemaps_spectralfluxv_sma3nz_stddevnorm_mean.png
mfcc_4_std_mean,acoustic,86,1120,3.514653960063819,0.9151370431893688,1.122118238708437,0.9888101523892346,0.08033637873754151,0.6486246438234442,0.9934524443838009,0.9042884394590723,,acoustic/mfcc_4_std_mean.png
egemaps_hammarbergIndexV_sma3nz_amean_std,acoustic,86,1120,-0.2410080901446261,0.1766611295681063,0.5524096599016932,0.9888611895377525,0.07809385382059797,0.6836139187637056,0.9915282596373299,1.00714050488727,,acoustic/egemaps_hammarbergindexv_sma3nz_amean_std.png
egemaps_slopeV500-1500_sma3nz_stddevNorm_std,acoustic,86,1120,0.1961617920313364,0.5522217607973422,0.5392507104416688,0.9889088226775431,0.050415282392026584,0.9805518249717999,0.9895644333608125,1.00036436829792,,acoustic/egemaps_slopev500_1500_sma3nz_stddevnorm_std.png
egemaps_F2frequency_sma3nz_stddevNorm_whole,acoustic,86,1120,0.3428715185712491,0.251328903654485,0.6652940922093975,0.9890549035878089,0.07900747508305647,0.6697913992295425,0.9956380558230128,1.0136727726607648,,acoustic/egemaps_f2frequency_sma3nz_stddevnorm_whole.png
egemaps_MeanVoicedSegmentLengthSec_mean,acoustic,86,1120,0.0819715248419694,0.193625415282392,0.6798146118037102,0.9893036233955378,0.07138704318936877,0.7809027126120031,0.9894281425254611,0.9891098476493198,,acoustic/egemaps_meanvoicedsegmentlengthsec_mean.png
egemaps_F1frequency_sma3nz_amean_std,acoustic,86,1120,-0.9562574706208378,0.5586794019933554,0.3679181947391387,0.9893253199942261,0.07003737541528238,0.8006872350681686,0.9954833604167453,1.0754214726243572,,acoustic/egemaps_f1frequency_sma3nz_amean_std.png
mfcc_5_mean_mean,acoustic,86,1120,1.3676606778549374,0.5497715946843853,0.9255527258156251,0.9894719772409682,0.07911129568106312,0.6678773077763166,0.9953220905532832,1.0699334040503545,,acoustic/mfcc_5_mean_mean.png
egemaps_F3bandwidth_sma3nz_amean_whole,acoustic,86,1120,-0.6179440650851056,0.3390573089700996,0.8207649029408685,0.9895464296970201,0.08550664451827239,0.5712861944465609,0.9955143040523464,0.9374810831457607,,acoustic/egemaps_f3bandwidth_sma3nz_amean_whole.png
egemaps_spectralFlux_sma3_stddevNorm_whole,acoustic,86,1120,2.87000662389202,0.889202657807309,1.150366049134334,0.9896166537664747,0.05419435215946844,0.9621652381747977,0.9904008121383248,0.9621471641497137,,acoustic/egemaps_spectralflux_sma3_stddevnorm_whole.png
mfcc_4_mean_std,acoustic,86,1120,0.1474291403883178,0.1907807308970099,0.6957258663253553,0.9897263103847812,0.08376245847176078,0.5971248249186375,0.9960603242295745,1.0662967678541062,,acoustic/mfcc_4_mean_std.png
T-unit per sentence,ling,156,1119,2.1516751013333346,0.8344504021447721,0.6913658753208027,0.9897733612767373,0.05385990238537153,0.7992519438096716,0.9962599233485473,0.9057636912863236,,ling/t_unit_per_sentence.png
egemaps_mfcc2_sma3_amean_std,acoustic,86,1120,0.237500948230768,0.282828073089701,0.6461641820634688,0.9898102260859776,0.08160299003322258,0.6308166524607732,0.9920382694079173,1.0277530295881616,,acoustic/egemaps_mfcc2_sma3_amean_std.png
egemaps_F0semitoneFrom27.5Hz_sma3nz_meanRisingSlope_whole,acoustic,86,1120,1.8761974851329783,0.6917566445182725,1.007922410373726,0.9898295657768247,0.07026578073089695,0.7969649529465545,0.9900145635455619,0.9790693276955281,,acoustic/egemaps_f0semitonefrom27_5hz_sma3nz_meanrisingslope_whole.png
egemaps_spectralFluxV_sma3nz_amean_whole,acoustic,86,1120,-0.3552994307299346,0.251515780730897,0.47791858368883944,0.9899416609483578,0.07134551495016611,0.7814940701444858,0.9946758965559723,0.9029814909873676,,acoustic/egemaps_spectralfluxv_sma3nz_amean_whole.png
egemaps_loudness_sma3_percentile20.0_std,acoustic,86,1120,-0.8971163873757091,0.4872093023255813,0.43380618398812554,0.9900029775631225,0.06156561461794019,0.902385364144467,0.9947481092923497,0.909798746364596,,acoustic/egemaps_loudness_sma3_percentile20_0_std.png
mfcc_13_mean_whole,acoustic,86,1120,0.0423854657048191,0.1971553156146178,0.5134417910213052,0.9900651017792861,0.05907392026578073,0.9265932689220284,0.9926173759232397,1.055750399957574,,acoustic/mfcc_13_mean_whole.png
egemaps_spectralFluxV_sma3nz_stddevNorm_std,acoustic,86,1120,0.4197759237401357,0.3076827242524916,0.8140628067187093,0.9900847967099005,0.06177325581395349,0.9009663048771089,0.992223441992072,1.0508974239181643,,acoustic/egemaps_spectralfluxv_sma3nz_stddevnorm_std.png
mfcc_4_std_whole,acoustic,86,1120,2.533995901753058,0.7926079734219269,0.9240830903109568,0.9902068019579545,0.07497923588039868,0.7289925380867732,0.9915270937784233,0.9595934919712614,,acoustic/mfcc_4_std_whole.png
Clause per sentence,ling,156,1119,2.1295743821465023,0.6440846910015812,1.8752124935157468,0.9902320546898621,0.04793084484773502,0.8945484543737945,0.9963633052010729,1.0527295720783794,,ling/clause_per_sentence.png
mfcc_5_std_std,acoustic,86,1120,0.9785310584106364,0.4459925249169435,0.958756574772861,0.9903019394911459,0.06231312292358804,0.8947985464489381,0.9953121709235081,0.9976853340048071,,acoustic/mfcc_5_std_std.png
egemaps_logRelF0-H1-A3_sma3nz_amean_whole,acoustic,86,1120,-0.0008671715030339,0.0793189368770763,0.9015735212185663,0.990352375681946,0.06943521594684388,0.8081446115198477,0.9914190848220328,0.9467653086386189,,acoustic/egemaps_logrelf0_h1_a3_sma3nz_amean_whole.png
egemaps_F2amplitudeLogRelF0_sma3nz_amean_whole,acoustic,86,1120,-0.1958270436584428,0.2076204318936877,0.6731601932460622,0.9904254590226351,0.0637250830564784,0.8800276709582928,0.9964778840192727,1.1091277840674807,,acoustic/egemaps_f2amplitudelogrelf0_sma3nz_amean_whole.png
egemaps_mfcc1_sma3_amean_std,acoustic,86,1120,1.6695056101510448,0.7391196013289036,0.8569838466092106,0.9905655629468811,0.05728820598006645,0.9413123103640085,0.9930272637709743,1.031936825355226,,acoustic/egemaps_mfcc1_sma3_amean_std.png
mfcc_d3_std_whole,acoustic,86,1120,2.9767660870858754,0.8830149501661129,0.9573969802663679,0.9905713675971932,0.0716985049833887,0.7777461653614536,0.996094370681501,0.9215666029628367,,acoustic/mfcc_d3_std_whole.png
egemaps_logRelF0-H1-H2_sma3nz_amean_mean,acoustic,86,1120,-0.2710270954102292,0.1787790697674418,0.904837183537791,0.9908484501529816,0.07014119601328905,0.7990140963320442,0.9953760174078864,0.9309837106927877,,acoustic/egemaps_logrelf0_h1_h2_sma3nz_amean_mean.png
egemaps_MeanUnvoicedSegmentLength_whole,acoustic,86,1120,0.551521695081244,0.3781769102990033,0.9150349776829398,0.9908559993092424,0.05068521594684394,0.9793997287316872,0.9960248596555707,0.9287720736341963,,acoustic/egemaps_meanunvoicedsegmentlength_whole.png
mfcc_d9_std_whole,acoustic,86,1120,2.2571488785533584,0.724750830564784,1.2048620805348702,0.9908862645268942,0.054298172757475116,0.9614739822161598,0.9972849279314412,1.014690959844072,,acoustic/mfcc_d9_std_whole.png
egemaps_F3amplitudeLogRelF0_sma3nz_amean_std,acoustic,86,1120,-0.7687345317028544,0.4280730897009966,0.6350718806524325,0.990917585567251,0.06069352159468438,0.9110664116565215,0.9951326443411889,0.9700090481193474,,acoustic/egemaps_f3amplitudelogrelf0_sma3nz_amean_std.png
egemaps_loudness_sma3_percentile20.0_mean,acoustic,86,1120,-2.227478132026269,0.9517857142857142,0.2605711588647586,0.9912128487194283,0.0675041528239203,0.8340117080611311,0.9920081797598104,1.0323424797148757,,acoustic/egemaps_loudness_sma3_percentile20_0_mean.png
egemaps_F0semitoneFrom27.5Hz_sma3nz_stddevFallingSlope_mean,acoustic,86,1120,2.646492523051124,0.7479443521594684,1.5991513026813706,0.9913493021885957,0.08787375415282389,0.537651208117298,0.9931502468286114,1.0017349148749362,,acoustic/egemaps_f0semitonefrom27_5hz_sma3nz_stddevfallingslope_mean.png
mfcc_8_mean_mean,acoustic,86,1120,-0.8637315491805753,0.5676910299003322,0.4962075135749262,0.9913689119789908,0.08733388704318945,0.5443090380283886,0.9952516393994494,1.0265117686967904,,acoustic/mfcc_8_mean_mean.png
mfcc_d6_std_std,acoustic,86,1120,-0.0123531221308343,0.1239410299003322,0.7477049745016735,0.9913965736999569,0.056000830564784,0.9505058094533017,0.9966734259028758,1.0328053461985656,,acoustic/mfcc_d6_std_std.png
mfcc_2_mean_std,acoustic,86,1120,2.208942339624249,0.8284468438538205,0.8188076022387514,0.9914424155875564,0.059468438538205964,0.9228947825450232,0.9932370132081222,0.9572467444449048,,acoustic/mfcc_2_mean_std.png
egemaps_shimmerLocaldB_sma3nz_stddevNorm_whole,acoustic,86,1120,1.979898125279521,0.7337209302325581,0.9803867664307846,0.9914534252995705,0.09262873754152823,0.4695872810868525,0.9973455427461462,0.9961903453254904,,acoustic/egemaps_shimmerlocaldb_sma3nz_stddevnorm_whole.png
mfcc_12_std_std,acoustic,86,1120,0.5639315347953956,0.3318936877076411,0.7549608057764222,0.9914542355974318,0.05512873754152822,0.9563514193215162,0.99409705508301,0.9263545329383426,,acoustic/mfcc_12_std_std.png
egemaps_loudness_sma3_meanFallingSlope_whole,acoustic,86,1120,0.6444104817207212,0.3272632890365449,0.9258974949137043,0.9915730917809479,0.06723421926910299,0.8379476352728427,0.995567872823867,1.087504615204806,,acoustic/egemaps_loudness_sma3_meanfallingslope_whole.png
Mean length of T-unit,ling,156,1119,0.1134594149448828,0.1071870488760569,0.9309356282163945,0.991576384057915,0.03789441121880799,0.9846649372950089,0.9952933216236548,0.9133106410202279,,ling/mean_length_of_t_unit.png
egemaps_F0semitoneFrom27.5Hz_sma3nz_amean_std,acoustic,86,1120,-0.5504001647643978,0.3193313953488372,0.43669536663671926,0.9916417500669024,0.08500830564784052,0.5794702937706823,0.9936916005811116,1.0481755471873306,,acoustic/egemaps_f0semitonefrom27_5hz_sma3nz_amean_std.png
pt_pause_ratio,temporal,155,1116,-1.791038906722622,0.8670250896057348,0.2800660500991719,0.9917051540707205,0.08189964157706092,0.30348735385872494,0.99701231855383,0.950606947158359,,temporal/pt_pause_ratio.png
egemaps_jitterLocal_sma3nz_stddevNorm_mean,acoustic,86,1120,1.468851222203459,0.6290905315614619,0.7285036778464802,0.9917081055919157,0.05598006644518261,0.950668717934339,0.9926431591552239,1.0300705081575223,,acoustic/egemaps_jitterlocal_sma3nz_stddevnorm_mean.png
egemaps_HNRdBACF_sma3nz_amean_std,acoustic,86,1120,-0.6016786667232488,0.3737956810631229,0.6727351138045783,0.9917100506228986,0.06924833887043189,0.8111495865863678,0.9944318247678323,0.9868573573785019,,acoustic/egemaps_hnrdbacf_sma3nz_amean_std.png
egemaps_spectralFluxUV_sma3nz_amean_mean,acoustic,86,1120,-1.0345964901021163,0.6551495016611296,0.25964002923793966,0.9917980184952613,0.07132475083056478,0.7818122854600157,0.9954211512776198,1.0020366744744038,,acoustic/egemaps_spectralfluxuv_sma3nz_amean_mean.png
egemaps_shimmerLocaldB_sma3nz_amean_std,acoustic,86,1120,-0.5508469694852953,0.3335548172757475,0.4839312526516926,0.9919332668979309,0.06999584717607976,0.8013367771475632,0.9956990683117577,0.9143996620419688,,acoustic/egemaps_shimmerlocaldb_sma3nz_amean_std.png
egemaps_F3bandwidth_sma3nz_stddevNorm_std,acoustic,86,1120,-0.9863241096762256,0.552408637873754,0.5423368554107048,0.9920619964472063,0.052387873754152825,0.97191857829783,0.9921050372849324,0.9971608213556087,,acoustic/egemaps_f3bandwidth_sma3nz_stddevnorm_std.png
egemaps_loudness_sma3_pctlrange0-2_mean,acoustic,86,1120,0.6154618590978995,0.2851951827242524,0.9685488560969476,0.9920958472156777,0.09194352159468439,0.4787650052235232,0.997191683499004,0.9048569380270343,,acoustic/egemaps_loudness_sma3_pctlrange0_2_mean.png
pt_mean_utt_dur_sec,temporal,156,1120,1.3618734678287927,0.7335393772893772,0.5706986615059502,0.992177169727715,0.04832875457875452,0.8890033211301935,0.9938533092365657,0.9554553871622803,,temporal/pt_mean_utt_dur_sec.png
egemaps_F1bandwidth_sma3nz_stddevNorm_mean,acoustic,86,1120,2.548594476586573,0.7757059800664452,1.2909997730410563,0.9922318149853673,0.05774501661129566,0.9374760456189509,0.9948336320218143,0.9387414088592996,,acoustic/egemaps_f1bandwidth_sma3nz_stddevnorm_mean.png
egemaps_F2bandwidth_sma3nz_amean_mean,acoustic,86,1120,-0.5104659149129688,0.3763911960132889,0.6531803761438925,0.9922322390752074,0.08463455149501664,0.5841667795776294,0.9947722098550135,1.0630841058540594,,acoustic/egemaps_f2bandwidth_sma3nz_amean_mean.png
mfcc_d1_std_std,acoustic,86,1120,0.7293889225743954,0.413828903654485,0.7564507277450527,0.992282797737124,0.07265365448504985,0.7641013278683765,0.9931724590209815,1.0272818123768477,,acoustic/mfcc_d1_std_std.png
egemaps_loudness_sma3_percentile50.0_mean,acoustic,86,1120,-1.2814204289725089,0.6507059800664452,0.5196288690625648,0.9922900137131667,0.062022425249169455,0.8983059396442014,0.9948506151470395,0.9823490122632569,,acoustic/egemaps_loudness_sma3_percentile50_0_mean.png
egemaps_loudness_sma3_meanFallingSlope_std,acoustic,86,1120,-0.1862271815707104,0.1577865448504983,0.6472025733298256,0.9923484735546642,0.0798795681063123,0.6566903053102154,0.99543934145837,1.018606857291943,,acoustic/egemaps_loudness_sma3_meanfallingslope_std.png
egemaps_alphaRatioV_sma3nz_stddevNorm_mean,acoustic,86,1120,-0.4648061791045931,0.6631229235880398,0.9107767739226043,0.9924136370960384,0.04906561461794019,0.9851051436027694,0.9932395469843697,0.9541599443810558,,acoustic/egemaps_alpharatiov_sma3nz_stddevnorm_mean.png
egemaps_F2amplitudeLogRelF0_sma3nz_amean_mean,acoustic,86,1120,-0.3932519652487655,0.2816860465116279,0.6805322547693352,0.9924989890852502,0.055523255813953565,0.9540446431126497,0.9967145200146165,1.0879476030668456,,acoustic/egemaps_f2amplitudelogrelf0_sma3nz_amean_mean.png
mfcc_d7_std_whole,acoustic,86,1120,2.5576965904633644,0.7721553156146179,1.1690214184949452,0.9925817370505197,0.05282392026578074,0.9698971938929509,0.994992609937682,1.0654661543692487,,acoustic/mfcc_d7_std_whole.png
egemaps_F0semitoneFrom27.5Hz_sma3nz_percentile20.0_mean,acoustic,86,1120,-0.1070229056041608,0.1478820598006645,0.7134628454887032,0.9926089208284818,0.08023255813953489,0.650189890257178,0.9967143599548985,0.9734944584460704,,acoustic/egemaps_f0semitonefrom27_5hz_sma3nz_percentile20_0_mean.png
pt_mean_pause_sec,temporal,155,1116,-1.3274898932684551,0.7924731182795699,0.4170849340571239,0.9926136237416222,0.05412186379928316,0.798810784396407,0.9960254030789312,0.9442000268249304,,temporal/pt_mean_pause_sec.png
egemaps_spectralFlux_sma3_stddevNorm_std,acoustic,86,1120,4.115744362005036,0.9258305647840532,1.9176866443229712,0.9926515646599454,0.05444352159468439,0.9605187272597444,0.993861309574404,0.9511603978036982,,acoustic/egemaps_spectralflux_sma3_stddevnorm_std.png
egemaps_F2bandwidth_sma3nz_amean_whole,acoustic,86,1120,-1.1909279534250667,0.576391196013289,0.7714418887654682,0.9926763986229592,0.06011212624584719,0.9172825546631315,0.9974805071563935,1.0763234445748444,,acoustic/egemaps_f2bandwidth_sma3nz_amean_whole.png
egemaps_F3bandwidth_sma3nz_amean_std,acoustic,86,1120,-0.924182716414786,0.5301495016611296,0.335366736212675,0.9927368139825655,0.0681063122923588,0.8266969618522925,0.9978919262064007,1.1035410853506176,,acoustic/egemaps_f3bandwidth_sma3nz_amean_std.png
egemaps_spectralFluxUV_sma3nz_amean_whole,acoustic,86,1120,-0.9511252740956558,0.6060423588039867,0.28450634241060496,0.992751561235543,0.07757475083056478,0.6902548633739264,0.9937048567315654,0.9682871709884706,,acoustic/egemaps_spectralfluxuv_sma3nz_amean_whole.png
mfcc_d3_std_mean,acoustic,86,1120,3.6082146296923017,0.9508513289036544,1.1184995662464667,0.9927899189610648,0.05521179401993348,0.9557445313618642,0.9980589668431682,1.0069287089263288,,acoustic/mfcc_d3_std_mean.png
egemaps_slopeUV500-1500_sma3nz_amean_mean,acoustic,86,1120,3.0533498013556475,0.9196220930232558,0.8123391934067716,0.9931162005221824,0.053862126245847186,0.9643016181665244,0.9976441606926374,1.0964072814621337,,acoustic/egemaps_slopeuv500_1500_sma3nz_amean_mean.png
mfcc_10_mean_whole,acoustic,86,1120,-0.206690142749818,0.2889950166112957,0.5715659032984793,0.9931614775222105,0.05137043189368773,0.9766511808188404,0.9958717897601611,0.9259051166562575,,acoustic/mfcc_10_mean_whole.png
Mean length of clause,ling,156,1119,-0.4363503750652209,0.3187083247404962,0.4742556330888995,0.9932994698314546,0.048652643156664566,0.8843717836481103,0.9950724814086102,0.9775620726573921,,ling/mean_length_of_clause.png
egemaps_shimmerLocaldB_sma3nz_stddevNorm_std,acoustic,86,1120,-0.5479065245496562,0.3397840531561461,0.6634340277944816,0.993374471563879,0.05977990033222591,0.9196988060260451,0.9952339637402128,0.9474689460659521,,acoustic/egemaps_shimmerlocaldb_sma3nz_stddevnorm_std.png
egemaps_hammarbergIndexV_sma3nz_stddevNorm_mean,acoustic,86,1120,2.1691741182655258,0.7890365448504982,1.0317839228121322,0.9933807211671091,0.05433970099667773,0.9611944794483724,0.9940928209695258,1.0272750414513006,,acoustic/egemaps_hammarbergindexv_sma3nz_stddevnorm_mean.png
ix_n_interviewer_turns,temporal,156,1120,3.4842731512232303,0.8870192307692307,2.3715273814736686,0.9934928176096792,0.05146520146520146,0.8406437336055349,0.9975585354246432,0.9232100848128664,,temporal/ix_n_interviewer_turns.png
mfcc_5_mean_whole,acoustic,86,1120,1.19563265547439,0.4970514950166113,0.9233491264767771,0.9935426349007114,0.06482558139534883,0.8670281425064065,0.9978327349025143,1.0419572019750103,,acoustic/mfcc_5_mean_whole.png
mfcc_3_std_mean,acoustic,86,1120,4.216561601038082,0.9910714285714284,0.9648007178369358,0.9935651447062095,0.06499169435215948,0.8647345369911036,0.9967119049489718,0.9291250288365095,,acoustic/mfcc_3_std_mean.png
egemaps_loudness_sma3_stddevFallingSlope_mean,acoustic,86,1120,1.4254425590603983,0.5290697674418605,1.1907566428809893,0.9935842217737445,0.07080564784053156,0.7902602123880864,0.9964600715119798,1.0742331634231157,,acoustic/egemaps_loudness_sma3_stddevfallingslope_mean.png
Dependent clause per T-unit,ling,156,1119,0.5896908518581229,0.2872241699319447,1.2193697999731898,0.9936233394855041,0.052106963635113766,0.829853355211517,0.9963513829159111,0.9289107754599124,,ling/dependent_clause_per_t_unit.png
egemaps_MeanVoicedSegmentLengthSec_whole,acoustic,86,1120,0.1036586958318557,0.1758513289036544,0.663759178339432,0.9938228150992052,0.06870847176079733,0.8176412852553216,0.99510746397395,0.9670398126307702,,acoustic/egemaps_meanvoicedsegmentlengthsec_whole.png
egemaps_jitterLocal_sma3nz_amean_std,acoustic,86,1120,-0.4878244195289573,0.3388496677740864,0.4315749389126688,0.9939030130969363,0.053363787375415306,0.9668382192612271,0.9963608245309807,1.063409745740744,,acoustic/egemaps_jitterlocal_sma3nz_amean_std.png
egemaps_StddevVoicedSegmentLengthSec_mean,acoustic,86,1120,1.4228039924983733,0.576578073089701,0.977429486564774,0.9939121989079712,0.055585548172757404,0.9536496406252721,0.9959726292240644,1.0530991971438433,,acoustic/egemaps_stddevvoicedsegmentlengthsec_mean.png
egemaps_F0semitoneFrom27.5Hz_sma3nz_percentile50.0_std,acoustic,86,1120,-0.5650039959535466,0.3353197674418604,0.474419734878826,0.9939273766124853,0.0727159468438538,0.7630869895034856,0.9944725828756857,1.0279177498985006,,acoustic/egemaps_f0semitonefrom27_5hz_sma3nz_percentile50_0_std.png
egemaps_F0semitoneFrom27.5Hz_sma3nz_amean_whole,acoustic,86,1120,0.0503418516896757,0.0963455149501661,0.7369285991059555,0.9939859654545714,0.061254152823920216,0.9059424019091883,0.9944759104754078,0.9655938826212205,,acoustic/egemaps_f0semitonefrom27_5hz_sma3nz_amean_whole.png
egemaps_F3amplitudeLogRelF0_sma3nz_amean_whole,acoustic,86,1120,-0.168716592167052,0.1908222591362126,0.67761325335085,0.9940250043990505,0.05728820598006645,0.9413123103640085,0.9962082859666916,1.0312163497202373,,acoustic/egemaps_f3amplitudelogrelf0_sma3nz_amean_whole.png
egemaps_F2frequency_sma3nz_stddevNorm_std,acoustic,86,1120,-1.450716204837761,0.6890365448504983,0.4992707183483494,0.9940312843592634,0.06511627906976747,0.863067118114187,0.9977590342359778,1.0064864832347094,,acoustic/egemaps_f2frequency_sma3nz_stddevnorm_std.png
mfcc_6_std_mean,acoustic,86,1120,3.651581034324944,0.9454734219269104,0.9722020367473705,0.9941254110242416,0.051993355481727566,0.9739660543849857,0.9948514847988187,1.027177148494185,,acoustic/mfcc_6_std_mean.png
egemaps_loudness_sma3_meanRisingSlope_std,acoustic,86,1120,-0.0444716310510748,0.1211794019933555,0.7284384970045206,0.9942513558517351,0.05510797342192686,0.9565019027301183,0.995795221668272,0.9694406542208824,,acoustic/egemaps_loudness_sma3_meanrisingslope_std.png
mfcc_10_mean_mean,acoustic,86,1120,-0.3705188787826632,0.3230066445182724,0.5631991686078861,0.994272225263699,0.06299833887043182,0.8878012120028435,0.9975135082505827,0.9537531771700013,,acoustic/mfcc_10_mean_mean.png
egemaps_mfcc3V_sma3nz_amean_std,acoustic,86,1120,0.1802592716071958,0.1513704318936876,0.8680533235946485,0.9943333788607616,0.0631852159468439,0.8854297093155299,0.9962047790117865,1.0576559650139556,,acoustic/egemaps_mfcc3v_sma3nz_amean_std.png
egemaps_spectralFlux_sma3_amean_mean,acoustic,86,1120,-0.6924129969928665,0.4140157807308969,0.3940249769425312,0.994347581518773,0.07429401993355478,0.7401593231660306,0.9968134028089427,0.9971716544395725,,acoustic/egemaps_spectralflux_sma3_amean_mean.png
egemaps_spectralFlux_sma3_amean_whole,acoustic,86,1120,-0.6213755514019551,0.3746885382059801,0.41822411065537324,0.9943813991956235,0.07664036544850494,0.7043523140787928,0.9971852251629371,0.9768164740097014,,acoustic/egemaps_spectralflux_sma3_amean_whole.png
egemaps_alphaRatioUV_sma3nz_amean_mean,acoustic,86,1120,0.4174186450122051,0.2175456810631229,0.8697035676468017,0.9944181916466687,0.0716985049833887,0.7777461653614536,0.9970881449036529,1.020277054833405,,acoustic/egemaps_alpharatiouv_sma3nz_amean_mean.png
Hypergeometric distribution D,ling,156,1119,-0.2632580007092222,0.2742489860452326,1.0540578475967988,0.9944205589048503,0.16350450264659389,0.0011412629912647364,0.9975007058335212,1.0588083276700067,,ling/hypergeometric_distribution_d.png
mfcc_8_std_std,acoustic,86,1120,0.7231121171349989,0.3737126245847176,0.845988316132231,0.9944320050032704,0.055211794019933536,0.9557445313618642,0.9981610938755376,0.9613204746760827,,acoustic/mfcc_8_std_std.png
mfcc_d1_std_whole,acoustic,86,1120,3.3054559166812787,0.8927117940199335,1.0723238728768443,0.9944619230423254,0.05550249169435217,0.9541533151469568,0.996262266994077,1.0551094638065852,,acoustic/mfcc_d1_std_whole.png
pt_std_words_per_utt,temporal,156,1120,-0.1394031592119257,0.0942765567765567,0.5671714945452615,0.9945746230975034,0.05489926739926737,0.7803336857897594,0.9954055809337596,0.9597041785480401,,temporal/pt_std_words_per_utt.png
egemaps_loudness_sma3_meanRisingSlope_whole,acoustic,86,1120,0.5673510220753957,0.2617940199335548,0.9074246560316942,0.9946004860151804,0.062437707641196015,0.8933131708987686,0.9975752292600414,0.953590914010974,,acoustic/egemaps_loudness_sma3_meanrisingslope_whole.png
egemaps_F2amplitudeLogRelF0_sma3nz_amean_std,acoustic,86,1120,-0.8020811499804206,0.4522425249169435,0.6321471566034053,0.9947078973510457,0.058471760797342176,0.9316903601001736,0.9959859635759769,1.0029620944987583,,acoustic/egemaps_f2amplitudelogrelf0_sma3nz_amean_std.png
Complex nominal per T-unit,ling,156,1119,0.4381676998025003,0.2880147109369629,0.7984243314358338,0.9947458423807647,0.04794803052175706,0.8942882510082302,0.9954624396826244,0.9607744083153553,,ling/complex_nominal_per_t_unit.png
egemaps_F3amplitudeLogRelF0_sma3nz_amean_mean,acoustic,86,1120,-0.3680011537982412,0.2818936877076412,0.6862984235928711,0.9950013573009017,0.06264534883720929,0.8917565962062147,0.9963249563400367,1.0483775721684148,,acoustic/egemaps_f3amplitudelogrelf0_sma3nz_amean_mean.png
mfcc_7_std_std,acoustic,86,1120,0.8545956544453611,0.3985672757475083,0.8960993898597382,0.9950594197844206,0.06725498338870428,0.837670820546629,0.9955555727958112,0.9657450290280392,,acoustic/mfcc_7_std_std.png
egemaps_slopeUV500-1500_sma3nz_amean_whole,acoustic,86,1120,2.8763098935873224,0.8972799003322258,0.8405718259322553,0.9950617322694556,0.045369601328903664,0.9938807215476142,0.9977127404168759,1.0730820305551934,,acoustic/egemaps_slopeuv500_1500_sma3nz_amean_whole.png
egemaps_F1amplitudeLogRelF0_sma3nz_amean_mean,acoustic,86,1120,-0.4374089418902634,0.3067691029900332,0.6580202676767877,0.9950627158040816,0.06740033222591363,0.8355762444963145,0.997059436497361,1.0526653386958602,,acoustic/egemaps_f1amplitudelogrelf0_sma3nz_amean_mean.png
egemaps_loudness_sma3_amean_whole,acoustic,86,1120,-0.8618255359569851,0.4335755813953488,0.5981301600636746,0.9950715130838126,0.07852990033222591,0.6758600273859741,0.9957862813101193,0.9985385789497973,,acoustic/egemaps_loudness_sma3_amean_whole.png
pt_mean_words_per_utt,temporal,156,1120,1.1126232701879966,0.5043498168498168,1.0544281909520161,0.9951425090686172,0.04791666666666661,0.8947825575792424,0.9971478729518588,0.9449967328486693,,temporal/pt_mean_words_per_utt.png
egemaps_F0semitoneFrom27.5Hz_sma3nz_stddevNorm_whole,acoustic,86,1120,1.3236328306434897,0.6283222591362125,0.9421358008969545,0.9951567632817163,0.04696843853820598,0.9908154211016478,0.9975806784731811,0.9323062420065105,,acoustic/egemaps_f0semitonefrom27_5hz_sma3nz_stddevnorm_whole.png
mfcc_3_std_std,acoustic,86,1120,0.8508565945159288,0.4451619601328904,0.8152898555122258,0.9952100688168184,0.06135797342192689,0.904745215665756,0.9959567390301362,0.9900537567483342,,acoustic/mfcc_3_std_std.png
mfcc_8_std_whole,acoustic,86,1120,2.774017813528318,0.8954941860465115,0.907146033898533,0.9953556791273386,0.05977990033222591,0.9196988060260451,0.9956168531941684,0.9760964824112469,,acoustic/mfcc_8_std_whole.png
egemaps_F2bandwidth_sma3nz_stddevNorm_std,acoustic,86,1120,-0.8290299315420008,0.4406353820598007,0.6134463996693704,0.995431197641017,0.06403654485049831,0.8759663596510083,0.9964748974078901,0.993286939697897,,acoustic/egemaps_f2bandwidth_sma3nz_stddevnorm_std.png
egemaps_mfcc4V_sma3nz_amean_whole,acoustic,86,1120,0.3867595658710821,0.2461586378737541,0.9408782700282853,0.995666063143469,0.07115863787375415,0.78455551388987,0.9974631497386288,0.9501827234277522,,acoustic/egemaps_mfcc4v_sma3nz_amean_whole.png
egemaps_loudness_sma3_stddevFallingSlope_whole,acoustic,86,1120,0.4136240602382176,0.2577242524916943,0.7877613153200625,0.9957356751670615,0.046636212624584714,0.9915886765927742,0.9962251374559274,0.985953284757563,,acoustic/egemaps_loudness_sma3_stddevfallingslope_whole.png
ix_std_response_latency_sec,temporal,156,1115,-0.8537001341880475,0.6305105208692652,0.5377288578804917,0.9959353894699597,0.06756927676210184,0.534696784029549,0.9979562041239034,0.9623714474017656,,temporal/ix_std_response_latency_sec.png
mfcc_1_mean_whole,acoustic,86,1120,-2.0209004851008108,0.7274709302325582,0.9379444080759088,0.9959539976700571,0.0704111295681063,0.7945961887498076,0.996625597659536,0.985253502208703,,acoustic/mfcc_1_mean_whole.png
egemaps_loudness_sma3_stddevRisingSlope_mean,acoustic,86,1120,1.0275674883321573,0.4067483388704319,1.061858464033072,0.9960477719412858,0.050872093023255814,0.978578697699004,0.9977710921392454,0.9407892753292384,,acoustic/egemaps_loudness_sma3_stddevrisingslope_mean.png
egemaps_F0semitoneFrom27.5Hz_sma3nz_pctlrange0-2_std,acoustic,86,1120,0.7387818783715726,0.3772217607973421,1.0503648660507645,0.9961056778146471,0.060257475083056455,0.9157595204065986,0.9968032761625917,0.9795701352067849,,acoustic/egemaps_f0semitonefrom27_5hz_sma3nz_pctlrange0_2_std.png
mfcc_11_mean_std,acoustic,86,1120,-0.0679366995982357,0.1220514950166112,0.665465174270394,0.9961239316009948,0.06758720930232559,0.8327451776950742,0.997073536882711,0.9625055086683183,,acoustic/mfcc_11_mean_std.png
egemaps_loudness_sma3_meanFallingSlope_mean,acoustic,86,1120,0.8552393139784941,0.3986503322259136,0.9538830817892916,0.9961409204893037,0.06463870431893687,0.8695495911669078,0.9974834466240218,1.0350326868715456,,acoustic/egemaps_loudness_sma3_meanfallingslope_mean.png
egemaps_F0semitoneFrom27.5Hz_sma3nz_percentile80.0_mean,acoustic,86,1120,0.3688775245033249,0.1934177740863787,0.7052821380421407,0.9962061558310827,0.05319767441860468,0.9678319638656364,0.997474681766091,0.9659735400951106,,acoustic/egemaps_f0semitonefrom27_5hz_sma3nz_percentile80_0_mean.png
egemaps_loudness_sma3_percentile80.0_whole,acoustic,86,1120,-0.3433766813149614,0.1849252491694352,0.6844799439140508,0.9963488319582039,0.06069352159468438,0.9110664116565215,0.9975237571571786,1.0221281380372567,,acoustic/egemaps_loudness_sma3_percentile80_0_whole.png
egemaps_F2frequency_sma3nz_stddevNorm_mean,acoustic,86,1120,1.1201073065073428,0.5621470099667774,0.6301473073752762,0.9964024908959878,0.04607558139534884,0.9926557636036298,0.997760241063536,0.9993239317417648,,acoustic/egemaps_f2frequency_sma3nz_stddevnorm_mean.png
egemaps_loudness_sma3_pctlrange0-2_whole,acoustic,86,1120,0.6092173050399843,0.3289659468438538,0.8673082778561463,0.9964620454565971,0.04763289036544849,0.989290836200842,0.9970136842583031,0.9680054117680383,,acoustic/egemaps_loudness_sma3_pctlrange0_2_whole.png
egemaps_F0semitoneFrom27.5Hz_sma3nz_percentile80.0_std,acoustic,86,1120,-0.2124644164232864,0.1907599667774087,0.5432826511881463,0.9964665183634819,0.0780523255813953,0.6843406781262674,0.9967714090073533,0.9764244829996729,,acoustic/egemaps_f0semitonefrom27_5hz_sma3nz_percentile80_0_std.png
egemaps_mfcc4V_sma3nz_amean_mean,acoustic,86,1120,0.4535534237646385,0.2389742524916943,0.981238708921001,0.9964967840416208,0.047902823920265764,0.9885400342414442,0.9976901783347694,0.9553386437245459,,acoustic/egemaps_mfcc4v_sma3nz_amean_mean.png
egemaps_F2amplitudeLogRelF0_sma3nz_stddevNorm_std,acoustic,86,1120,-0.0996657538235374,0.4817068106312293,0.0377041934259096,0.9966655561203362,0.04711378737541527,0.9904587608451185,0.9971116670837004,1.0022667598929613,,acoustic/egemaps_f2amplitudelogrelf0_sma3nz_stddevnorm_std.png
egemaps_loudness_sma3_percentile50.0_whole,acoustic,86,1120,-1.1863654730960922,0.6015365448504983,0.5650562260594508,0.996667434631258,0.046843853820598025,0.991113807060245,0.9966936849411597,0.9896671913923667,,acoustic/egemaps_loudness_sma3_percentile50_0_whole.png
egemaps_loudnessPeaksPerSec_whole,acoustic,86,1120,-0.5737484469931826,0.326328903654485,0.6770182716513778,0.9967618561191539,0.057454318936877025,0.9400567015250593,0.9970863233169922,1.015652542890613,,acoustic/egemaps_loudnesspeakspersec_whole.png
egemaps_F1amplitudeLogRelF0_sma3nz_amean_whole,acoustic,86,1120,-0.2359541790122253,0.2344476744186046,0.653946606446558,0.9967847452735312,0.05172342192691032,0.9749271544762933,0.9973963626441026,1.0255841470053753,,acoustic/egemaps_f1amplitudelogrelf0_sma3nz_amean_whole.png
egemaps_F1amplitudeLogRelF0_sma3nz_stddevNorm_mean,acoustic,86,1120,0.0695231275624867,0.3057724252491694,0.06284105812748404,0.9967973924680593,0.046843853820598025,0.991113807060245,0.9979309118460244,1.0459095387696873,,acoustic/egemaps_f1amplitudelogrelf0_sma3nz_stddevnorm_mean.png
egemaps_mfcc4V_sma3nz_amean_std,acoustic,86,1120,0.4569164961702227,0.2206187707641195,1.0315608027674885,0.9971134602295681,0.06767026578073088,0.8314769984862971,0.9972663537849353,1.0054670796175786,,acoustic/egemaps_mfcc4v_sma3nz_amean_std.png
egemaps_F1frequency_sma3nz_stddevNorm_std,acoustic,86,1120,-1.0179317950947555,0.5469269102990033,0.540714886740481,0.9975591034755806,0.044559800664451824,0.9951029666008387,0.9976272727965751,0.9984358005520791,,acoustic/egemaps_f1frequency_sma3nz_stddevnorm_std.png
Mean length of sentence,ling,156,1119,1.9368869852586517,0.6116725097958342,1.7903034576168457,0.9976417503585332,0.03318553653674294,0.996875715955624,0.9980523003732159,0.9731414265694904,,ling/mean_length_of_sentence.png
egemaps_F1bandwidth_sma3nz_amean_whole,acoustic,86,1120,-1.2418115345783791,0.554173588039867,1.0421753440711015,0.9976856301752877,0.04875415282392026,0.9861565837426534,0.9981108384111609,1.010270097514849,,acoustic/egemaps_f1bandwidth_sma3nz_amean_whole.png
egemaps_F0semitoneFrom27.5Hz_sma3nz_percentile20.0_whole,acoustic,86,1120,-0.2807032327954509,0.2192898671096346,0.7821017699281156,0.9977152018550131,0.05766196013289038,0.9382255623712649,0.9979703707887438,1.003435474952355,,acoustic/egemaps_f0semitonefrom27_5hz_sma3nz_percentile20_0_whole.png
egemaps_loudness_sma3_meanRisingSlope_mean,acoustic,86,1120,0.6690203997779969,0.3127906976744186,0.9693662227844958,0.9977180427050953,0.05577242524916945,0.9522734908403251,0.9982143527350362,1.0302002471601228,,acoustic/egemaps_loudness_sma3_meanrisingslope_mean.png
sm_content_freq,semantic,156,1117,-0.0569674548540524,0.1590971696164176,0.6175377215068109,0.9982360056921583,0.031196198608911208,0.998734027266502,0.9983782559016636,1.0065689645434306,,semantic/sm_content_freq.png
ix_interruption_rate,temporal,156,1120,-2.365034183723353,0.9848214285714286,0.0,,,,,,I-CONECT: constant,
